{
    "rotate": [
        0.11999999731779099,
        -0.3199999928474426,
        -1.6699999570846558
    ],
    "scale": [
        4.0,
        4.0,
        4.0
    ],
    "translate": [
        -0.15000000596046448,
        0.0,
        0.20000000298023224
    ]
}