{
    "rotate": [
        0.0,
        0.0,
        0.0
    ],
    "scale": [
        1.0,
        0.47999998927116394,
        1.0
    ],
    "translate": [
        0.0,
        0.0,
        -0.3499999940395355
    ]
}