{
    "rotate": [
        0.0,
        0.0,
        0.0
    ],
    "scale": [
        1.4500000476837158,
        1.350000023841858,
        1.0
    ],
    "translate": [
        0.0,
        3.5399999618530273,
        1.100000023841858
    ]
}