{
    "Player": {
        "Gravity": 0.05000000074505806,
        "JumpSpeed": 1.1799999475479126,
        "MoveSpeed": 0.30000001192092896,
        "Translate": [
            0.7137213349342346,
            1.5,
            -41.713809967041016
        ]
    }
}
