{
    "Player": {
        "Gravity": 0.05000000074505806,
        "JumpSpeed": 0.7200000286102295,
        "MoveSpeed": 0.30000001192092896
    }
}
