{
    "Player": {
        "AirMoveSpeed": 0.6000000238418579,
        "Gravity": 0.019999999552965164,
        "JumpSpeed": 1.059999942779541,
        "MoveSpeed": 0.30000001192092896,
        "Translate": [
            0.0,
            1.5,
            -45.0
        ]
    }
}
