{"nodes":{"node:43":{"location":{"x":240,"y":-100}},"node:45":{"location":{"x":240,"y":-36}},"node:47":{"location":{"x":384,"y":-52}}},"selection":null,"view":{"scroll":{"x":114.042510986328125,"y":-139.071487426757812},"visible_rect":{"max":{"x":501.634002685546875,"y":62.3428115844726562},"min":{"x":91.2340087890625,"y":-111.257194519042969}},"zoom":1.25}}