{"nodes":{"node:43":{"location":{"x":208,"y":-24}},"node:45":{"location":{"x":224,"y":56}},"node:47":{"location":{"x":448,"y":88}}},"selection":null,"view":{"scroll":{"x":211.5665283203125,"y":-51.0339889526367188},"visible_rect":{"max":{"x":579.65325927734375,"y":132.772811889648438},"min":{"x":169.253219604492188,"y":-40.8271903991699219}},"zoom":1.25}}