{"nodes":{"node:57":{"location":{"x":32,"y":4}},"node:60":{"location":{"x":26,"y":84}},"node:63":{"location":{"x":208,"y":36}}},"selection":null,"view":{"scroll":{"x":0.2146148681640625,"y":-22.2931327819824219},"visible_rect":{"max":{"x":273.214599609375,"y":194.706863403320312},"min":{"x":0.2146148681640625,"y":-22.2931327819824219}},"zoom":1}}