{"nodes":{"node:85":{"location":{"x":-32,"y":28}},"node:87":{"location":{"x":-32,"y":-36}},"node:89":{"location":{"x":112,"y":-4}}},"selection":null,"view":{"scroll":{"x":-90.4963912963867188,"y":-18.0777473449707031},"visible_rect":{"max":{"x":195.338165283203125,"y":74.5630111694335938},"min":{"x":-120.661872863769531,"y":-24.1036663055419922}},"zoom":0.749999940395355225}}