{
    "Para_autoUVMax": [
        0.10000000149011612,
        0.0
    ],
    "Para_autoUVMin": [
        0.10000000149011612,
        0.0
    ],
    "Para_colorMax": [
        0.6244726181030273,
        0.11066605150699615,
        0.11066605150699615,
        1.0
    ],
    "Para_colorMin": [
        1.0,
        1.0,
        1.0,
        1.0
    ],
    "Para_speedx": [
        -0.20000000298023224,
        0.20000000298023224
    ],
    "Para_speedy": [
        0.10000000149011612,
        0.30000001192092896
    ],
    "Para_speedz": [
        -0.20000000298023224,
        0.20000000298023224
    ],
    "Para_transx": [
        0.0,
        0.0
    ],
    "Para_transy": [
        0.0,
        0.0
    ],
    "Para_transz": [
        0.0,
        0.0
    ],
    "accele": [
        0.0,
        -0.00800000037997961,
        0.0
    ],
    "addRandomMax": [
        0.0,
        0.0
    ],
    "addRandomMin": [
        0.0,
        0.0
    ],
    "autoUVSpeed": [
        0.10000000149011612,
        0.0
    ],
    "colorType": 0,
    "count": 8,
    "emitMaxSize": [
        0.10000000149011612,
        0.20000000298023224,
        0.10000000149011612
    ],
    "emitMinSize": [
        -0.10000000149011612,
        0.0010000000474974513,
        -0.10000000149011612
    ],
    "endSize": [
        1.0,
        1.0
    ],
    "frequencyTime": 0.0,
    "grainPattern": 0,
    "grainType": 0,
    "isAddRandomSize": false,
    "isAutoUVMove": false,
    "isBillBoard": true,
    "isDistanceComplement": false,
    "isZandX": false,
    "lifeTime": 30.0,
    "position": [
        0.0,
        0.0,
        0.0
    ],
    "returnPower": -0.023000000044703484,
    "rotate": [
        0.0,
        0.0,
        0.0
    ],
    "rotateType": 0,
    "speed": [
        0.001929381163790822,
        0.0012170880800113082,
        -0.0013134493492543697
    ],
    "speedType": 1,
    "startSize": [
        1.0,
        1.0
    ]
}