{
    "Para_autoUVMax": [
        0.10000000149011612,
        0.0
    ],
    "Para_autoUVMin": [
        0.10000000149011612,
        0.0
    ],
    "Para_colorMax": [
        1.0,
        0.3459915518760681,
        0.3459915518760681,
        1.0
    ],
    "Para_colorMin": [
        1.0,
        1.0,
        1.0,
        1.0
    ],
    "Para_speedx": [
        0.0,
        0.0
    ],
    "Para_speedy": [
        0.0,
        0.0
    ],
    "Para_speedz": [
        0.0,
        0.0
    ],
    "Para_transx": [
        0.0,
        0.0
    ],
    "Para_transy": [
        0.0,
        0.0
    ],
    "Para_transz": [
        0.0,
        0.0
    ],
    "accele": [
        0.0,
        0.0,
        0.0
    ],
    "addRandomMax": [
        0.0,
        0.0
    ],
    "addRandomMin": [
        0.0,
        0.0
    ],
    "autoUVSpeed": [
        0.10000000149011612,
        0.0
    ],
    "colorType": 0,
    "count": 15,
    "emitMaxSize": [
        1.0,
        1.0,
        0.0
    ],
    "emitMinSize": [
        -1.0,
        -1.0,
        0.0
    ],
    "endSize": [
        0.0,
        30.0
    ],
    "frequencyTime": 60.0,
    "grainPattern": 2,
    "grainType": 1,
    "isAddRandomSize": false,
    "isAutoUVMove": false,
    "isBillBoard": true,
    "isDistanceComplement": false,
    "isZandX": false,
    "lifeTime": 15.0,
    "position": [
        0.0,
        0.0,
        0.0
    ],
    "returnPower": -0.44999998807907104,
    "rotate": [
        0.0,
        0.0,
        0.0
    ],
    "rotateType": 1,
    "speed": [
        0.4154694378376007,
        0.14128251373767853,
        -0.0
    ],
    "speedType": 3,
    "startSize": [
        5.0,
        15.0
    ]
}