{
    "Para_autoUVMax": [
        0.10000000149011612,
        0.0
    ],
    "Para_autoUVMin": [
        0.10000000149011612,
        0.0
    ],
    "Para_colorMax": [
        0.6666666269302368,
        0.6323060393333435,
        0.12376931309700012,
        1.0
    ],
    "Para_colorMin": [
        1.0,
        1.0,
        1.0,
        1.0
    ],
    "Para_speedx": [
        0.0,
        0.0
    ],
    "Para_speedy": [
        0.0,
        0.0
    ],
    "Para_speedz": [
        0.0,
        0.0
    ],
    "Para_transx": [
        0.0,
        0.0
    ],
    "Para_transy": [
        0.0,
        0.0
    ],
    "Para_transz": [
        0.0,
        0.0
    ],
    "accele": [
        0.0,
        0.0,
        0.0
    ],
    "addRandomMax": [
        0.0,
        0.0
    ],
    "addRandomMin": [
        0.0,
        0.0
    ],
    "autoUVSpeed": [
        0.10000000149011612,
        0.0
    ],
    "colorType": 0,
    "count": 25,
    "emitMaxSize": [
        1.0,
        1.0,
        1.0
    ],
    "emitMinSize": [
        -1.0,
        -1.0,
        -1.0
    ],
    "endSize": [
        0.5,
        6.0
    ],
    "frequencyTime": 60.0,
    "grainPattern": 2,
    "grainType": 1,
    "isAddRandomSize": false,
    "isAutoUVMove": false,
    "isBillBoard": true,
    "isDistanceComplement": false,
    "isZandX": false,
    "lifeTime": 20.0,
    "position": [
        0.0,
        0.0,
        0.0
    ],
    "returnPower": -0.4359999895095825,
    "rotate": [
        0.0,
        0.0,
        0.0
    ],
    "rotateType": 1,
    "speed": [
        0.08205924928188324,
        0.03395652025938034,
        0.09935775399208069
    ],
    "speedType": 3,
    "startSize": [
        1.0,
        2.0
    ]
}