{
    "Para_autoUVMax": [
        0.10000000149011612,
        0.0
    ],
    "Para_autoUVMin": [
        0.10000000149011612,
        0.0
    ],
    "Para_colorMax": [
        0.8860759735107422,
        0.4790763556957245,
        0.1383325457572937,
        1.0
    ],
    "Para_colorMin": [
        1.0,
        1.0,
        1.0,
        1.0
    ],
    "Para_speedx": [
        0.0,
        0.0
    ],
    "Para_speedy": [
        0.0,
        0.0
    ],
    "Para_speedz": [
        0.0,
        0.0
    ],
    "Para_transx": [
        0.0,
        0.0
    ],
    "Para_transy": [
        0.0,
        0.0
    ],
    "Para_transz": [
        0.0,
        0.0
    ],
    "accele": [
        0.0,
        0.0,
        0.0
    ],
    "addRandomMax": [
        0.0,
        0.0
    ],
    "addRandomMin": [
        0.0,
        0.0
    ],
    "autoUVSpeed": [
        0.10000000149011612,
        0.0
    ],
    "colorType": 0,
    "count": 10,
    "emitMaxSize": [
        0.10000000149011612,
        0.10000000149011612,
        0.0
    ],
    "emitMinSize": [
        -0.10000000149011612,
        -0.10000000149011612,
        0.0
    ],
    "endSize": [
        1.0,
        18.0
    ],
    "frequencyTime": 60.0,
    "grainPattern": 2,
    "grainType": 1,
    "isAddRandomSize": false,
    "isAutoUVMove": false,
    "isBillBoard": true,
    "isDistanceComplement": false,
    "isZandX": false,
    "lifeTime": 15.0,
    "position": [
        0.0,
        0.0,
        0.0
    ],
    "returnPower": -0.02500000037252903,
    "rotate": [
        0.0,
        0.0,
        0.0
    ],
    "rotateType": 1,
    "speed": [
        -0.0023332692217081785,
        -0.0023918382357805967,
        -0.0
    ],
    "speedType": 3,
    "startSize": [
        4.0,
        9.0
    ]
}