{
    "Para_autoUVMax": [
        0.10000000149011612,
        0.0
    ],
    "Para_autoUVMin": [
        0.10000000149011612,
        0.0
    ],
    "Para_colorMax": [
        0.8396624326705933,
        0.8110054731369019,
        0.08502912521362305,
        1.0
    ],
    "Para_colorMin": [
        1.0,
        1.0,
        1.0,
        1.0
    ],
    "Para_speedx": [
        -0.009999999776482582,
        0.009999999776482582
    ],
    "Para_speedy": [
        -0.009999999776482582,
        0.009999999776482582
    ],
    "Para_speedz": [
        -0.009999999776482582,
        0.009999999776482582
    ],
    "Para_transx": [
        0.0,
        0.0
    ],
    "Para_transy": [
        0.0,
        0.0
    ],
    "Para_transz": [
        0.0,
        0.0
    ],
    "accele": [
        0.0,
        0.0,
        0.0
    ],
    "addRandomMax": [
        0.0,
        0.0
    ],
    "addRandomMin": [
        0.0,
        0.0
    ],
    "autoUVSpeed": [
        0.10000000149011612,
        0.0
    ],
    "colorType": 0,
    "count": 1,
    "emitMaxSize": [
        0.0,
        0.0,
        0.0
    ],
    "emitMinSize": [
        0.0,
        0.0,
        0.0
    ],
    "endSize": [
        0.0,
        0.0
    ],
    "frequencyTime": 0.0,
    "grainPattern": 2,
    "grainType": 1,
    "isAddRandomSize": false,
    "isAutoUVMove": false,
    "isBillBoard": true,
    "isDistanceComplement": true,
    "isZandX": false,
    "lifeTime": 35.0,
    "position": [
        -0.9599999785423279,
        2.9800000190734863,
        0.0
    ],
    "returnPower": -0.05000000074505806,
    "rotate": [
        0.0,
        0.0,
        0.0
    ],
    "rotateType": 0,
    "speed": [
        0.0,
        0.0,
        0.0
    ],
    "speedType": 0,
    "startSize": [
        0.75,
        0.75
    ]
}