{
    "Para_autoUVMax": [
        0.10000000149011612,
        0.0
    ],
    "Para_autoUVMin": [
        0.10000000149011612,
        0.0
    ],
    "Para_colorMax": [
        0.37645572423934937,
        0.9156118035316467,
        0.0463600754737854,
        1.0
    ],
    "Para_colorMin": [
        1.0,
        1.0,
        1.0,
        1.0
    ],
    "Para_speedx": [
        0.0,
        0.0
    ],
    "Para_speedy": [
        0.0,
        0.0
    ],
    "Para_speedz": [
        0.0,
        0.0
    ],
    "Para_transx": [
        0.0,
        0.0
    ],
    "Para_transy": [
        0.0,
        0.0
    ],
    "Para_transz": [
        0.0,
        0.0
    ],
    "accele": [
        0.0,
        0.0,
        0.0
    ],
    "addRandomMax": [
        0.0,
        0.0
    ],
    "addRandomMin": [
        0.0,
        0.0
    ],
    "autoUVSpeed": [
        0.10000000149011612,
        0.0
    ],
    "colorType": 0,
    "count": 1,
    "emitMaxSize": [
        0.25,
        0.0,
        0.25
    ],
    "emitMinSize": [
        -0.25,
        0.0,
        -0.25
    ],
    "endSize": [
        20.0,
        20.0
    ],
    "frequencyTime": 20.0,
    "grainPattern": 4,
    "grainType": 1,
    "isAddRandomSize": false,
    "isAutoUVMove": false,
    "isBillBoard": false,
    "isDistanceComplement": false,
    "isZandX": true,
    "lifeTime": 10.0,
    "position": [
        0.0,
        40.0,
        0.0
    ],
    "returnPower": -0.05000000074505806,
    "rotate": [
        0.0,
        -0.800000011920929,
        0.0
    ],
    "rotateType": 0,
    "speed": [
        0.0,
        0.0,
        0.0
    ],
    "speedType": 0,
    "startSize": [
        20.0,
        5.0
    ]
}