{
    "Para_autoUVMax": [
        0.10000000149011612,
        0.0
    ],
    "Para_autoUVMin": [
        0.10000000149011612,
        0.0
    ],
    "Para_colorMax": [
        0.20800000429153442,
        0.8999999761581421,
        0.027000000700354576,
        1.0
    ],
    "Para_colorMin": [
        1.0,
        1.0,
        1.0,
        1.0
    ],
    "Para_speedx": [
        0.0,
        0.0
    ],
    "Para_speedy": [
        0.0,
        0.0
    ],
    "Para_speedz": [
        0.0,
        0.0
    ],
    "Para_transx": [
        0.0,
        0.0
    ],
    "Para_transy": [
        0.0,
        0.0
    ],
    "Para_transz": [
        0.0,
        0.0
    ],
    "accele": [
        0.0,
        0.0,
        0.0
    ],
    "addRandomMax": [
        0.0,
        0.0
    ],
    "addRandomMin": [
        0.0,
        0.0
    ],
    "autoUVSpeed": [
        0.10000000149011612,
        0.0
    ],
    "colorType": 0,
    "count": 1,
    "emitMaxSize": [
        0.0,
        0.0,
        0.0
    ],
    "emitMinSize": [
        0.0,
        0.0,
        0.0
    ],
    "endSize": [
        7.0,
        7.0
    ],
    "frequencyTime": 0.0,
    "grainPattern": 2,
    "grainType": 1,
    "isAddRandomSize": false,
    "isAutoUVMove": false,
    "isBillBoard": false,
    "isDistanceComplement": false,
    "isZandX": true,
    "lifeTime": 15.0,
    "position": [
        0.0,
        0.0,
        0.0
    ],
    "returnPower": -0.05000000074505806,
    "rotate": [
        0.0,
        0.0,
        0.0
    ],
    "rotateType": 0,
    "speed": [
        0.0,
        0.0,
        0.0
    ],
    "speedType": 0,
    "startSize": [
        2.0,
        2.0
    ]
}