{
    "Para_autoUVMax": [
        0.019999999552965164,
        0.003000000026077032
    ],
    "Para_autoUVMin": [
        -0.019999999552965164,
        0.0010000000474974513
    ],
    "Para_colorMax": [
        0.25,
        1.0,
        0.800000011920929,
        1.0
    ],
    "Para_colorMin": [
        0.0,
        0.0,
        0.30000001192092896,
        1.0
    ],
    "Para_speedx": [
        0.0,
        0.0
    ],
    "Para_speedy": [
        0.03999999910593033,
        0.04500000178813934
    ],
    "Para_speedz": [
        0.0,
        0.0
    ],
    "Para_transx": [
        0.0,
        0.0
    ],
    "Para_transy": [
        0.0,
        0.0
    ],
    "Para_transz": [
        0.0,
        0.0
    ],
    "accele": [
        0.0,
        0.0,
        0.0
    ],
    "addRandomMax": [
        0.0,
        0.0
    ],
    "addRandomMin": [
        0.0,
        0.0
    ],
    "autoUVSpeed": [
        0.10000000149011612,
        0.0
    ],
    "colorType": 1,
    "count": 3,
    "emitMaxSize": [
        0.20000000298023224,
        0.0,
        0.0
    ],
    "emitMinSize": [
        -0.20000000298023224,
        0.0,
        0.0
    ],
    "endSize": [
        2.0,
        1.5
    ],
    "frequencyTime": 1.0,
    "grainPattern": 2,
    "grainType": 1,
    "isAddRandomSize": false,
    "isAutoUVMove": true,
    "isBillBoard": true,
    "isDistanceComplement": false,
    "isZandX": false,
    "lifeTime": 10.0,
    "position": [
        0.0,
        0.0,
        0.0
    ],
    "returnPower": -0.05000000074505806,
    "rotate": [
        0.0,
        0.0,
        0.0
    ],
    "rotateType": 0,
    "speed": [
        0.0,
        0.0,
        0.0
    ],
    "speedType": 0,
    "startSize": [
        1.0,
        0.25
    ]
}