{
    "Para_autoUVMax": [
        0.019999999552965164,
        0.003000000026077032
    ],
    "Para_autoUVMin": [
        -0.019999999552965164,
        0.0010000000474974513
    ],
    "Para_colorMax": [
        0.1559484899044037,
        0.7341772317886353,
        0.10842280089855194,
        1.0
    ],
    "Para_colorMin": [
        1.0,
        1.0,
        1.0,
        1.0
    ],
    "Para_speedx": [
        0.0,
        0.0
    ],
    "Para_speedy": [
        0.0,
        0.0
    ],
    "Para_speedz": [
        0.0,
        0.0
    ],
    "Para_transx": [
        0.0,
        0.0
    ],
    "Para_transy": [
        0.0,
        0.0
    ],
    "Para_transz": [
        0.0,
        0.0
    ],
    "accele": [
        0.0,
        0.0,
        0.0
    ],
    "addRandomMax": [
        0.0,
        0.0
    ],
    "addRandomMin": [
        0.0,
        0.0
    ],
    "autoUVSpeed": [
        0.10000000149011612,
        0.0
    ],
    "colorType": 0,
    "count": 10,
    "emitMaxSize": [
        1.5,
        8.0,
        1.5
    ],
    "emitMinSize": [
        -1.5,
        7.5,
        -1.5
    ],
    "endSize": [
        0.5,
        1.5
    ],
    "frequencyTime": 5.0,
    "grainPattern": 2,
    "grainType": 1,
    "isAddRandomSize": false,
    "isAutoUVMove": true,
    "isBillBoard": true,
    "isDistanceComplement": false,
    "isZandX": false,
    "lifeTime": 10.0,
    "position": [
        0.0,
        -8.5,
        0.0
    ],
    "returnPower": -0.024000000208616257,
    "rotate": [
        0.0,
        0.0,
        0.0
    ],
    "rotateType": 1,
    "speed": [
        -0.02757088840007782,
        0.18692198395729065,
        -0.004313061013817787
    ],
    "speedType": 3,
    "startSize": [
        0.5,
        0.5
    ]
}