{
    "Enemies": {
        "AttackValue1": 0.7699999809265137,
        "AttackValue2": 0.0,
        "FallSpeed1": 5.53000020980835,
        "FallSpeed2": 0.0,
        "Gravity1": 0.10000000149011612,
        "Gravity2": 0.0,
        "WeakJump1": 1.0,
        "WeakJump2": 0.0
    }
}
