{
    "Enemies": {
        "AttackValue1": 0.7699999809265137,
        "AttackValue2": 0.0,
        "DeathCount1": 3,
        "DeathCount2": 2,
        "FallSpeed1": 5.53000020980835,
        "FallSpeed2": 0.0,
        "Gravity1": 0.8299999833106995,
        "Gravity2": 0.0,
        "WeakJump1": 0.6899999976158142,
        "WeakJump2": 0.0,
        "attenuate_1": 0.4300000071525574,
        "attenuate_2": 0.0,
        "baseBoundPower_1": 1.0299999713897705,
        "baseBoundPower_2": 0.0,
        "gravityForBound1": 1.3899999856948853,
        "gravityForBound2": 0.0,
        "maxFallSpeedForBound1": 0.5,
        "maxFallSpeedForBound2": 0.0,
        "maxFallSpeedForKik1": 0.5099999904632568,
        "maxFallSpeedForKik2": 0.0
    }
}
