{
    "Enemies": {
        "AttackValue1": 0.0,
        "AttackValue2": 0.0,
        "FallSpeed1": 2.890000104904175,
        "FallSpeed2": 0.0,
        "MaxPowerBlow1": 37.08000183105469,
        "MaxPowerBlow2": 0.0,
        "WeakBlow1": 9.800000190734863,
        "WeakBlow2": 0.0,
        "explotionExtensionTime_1": 1.1699999570846558,
        "explotionExtensionTime_2": 0.0,
        "explotionTime_1": 2.1500000953674316,
        "explotionTime_2": 0.0,
        "spawnBoundGravity1": 45.81999969482422,
        "spawnBoundGravity2": 0.0,
        "spawnBoundGravityMax1": 30.690000534057617,
        "spawnBoundGravityMax2": 0.0,
        "spawnBoundSpeed1": 17.889999389648438,
        "spawnBoundSpeed2": 0.0,
        "spawnFallSpeed1": 9.380000114440918,
        "spawnFallSpeed2": 0.0
    }
}
