{
    "Enemies": {
        "AttackValue1": 0.7699999809265137,
        "AttackValue2": 0.0,
        "FallSpeed1": 0.28999999165534973,
        "FallSpeed2": 0.0
    }
}
