{
    "Enemies": {
        "AttackValue1": 8.0,
        "AttackValue2": 0.0,
        "FallSpeed1": 3.5,
        "FallSpeed2": 44.41999816894531,
        "MaxPowerBlow1": 48.720001220703125,
        "MaxPowerBlow2": 0.0,
        "WeakBlow1": 22.84000015258789,
        "WeakBlow2": 0.0,
        "antipationEaseMax": 0.5199999809265137,
        "antipationOffsetPos_": 0.8600000143051147,
        "baseScale": [
            1.0,
            1.0,
            1.0
        ],
        "expansionScale": [
            2.0,
            2.0,
            2.0
        ],
        "explotionExtensionTime_1": 1.6399999856948853,
        "explotionExtensionTime_2": 0.0,
        "explotionTime_1": 0.949999988079071,
        "explotionTime_2": 0.0,
        "fallPos": 38.77000045776367,
        "fallWaitTime_": 6.46999979019165,
        "firstFallEaseMax": 0.7099999785423279,
        "nearLimitTime_": 3.0,
        "plusAttackValue1": 4.0,
        "plusAttackValue2": 0.0,
        "scaleUpParm_1": [
            0.4000000059604645,
            0.4099999964237213,
            0.3700000047683716
        ],
        "scaleUpParm_2": [
            0.0,
            0.0,
            0.0
        ],
        "scalingEaseMax": 0.3799999952316284,
        "scalingEaseMaxAsLimit": 0.12999999523162842,
        "sideMoveEaseMax": 0.7099999785423279,
        "spawnBoundGravity1": 30.219999313354492,
        "spawnBoundGravity2": 0.0,
        "spawnBoundGravityMax1": 26.579999923706055,
        "spawnBoundGravityMax2": 0.0,
        "spawnBoundSpeed1": 17.889999389648438,
        "spawnBoundSpeed2": 0.0,
        "spawnFallSpeed1": 16.18000030517578,
        "spawnFallSpeed2": 0.0,
        "strongAttackValue1": 11.699999809265137,
        "strongAttackValue2": 0.0
    }
}
