{
    "Enemies": {
        "AttackValue1": 0.0,
        "AttackValue2": 0.0,
        "FallSpeed1": 2.890000104904175,
        "FallSpeed2": 0.0,
        "MaxPowerBlow1": 37.08000183105469,
        "MaxPowerBlow2": 0.0,
        "WeakBlow1": 9.800000190734863,
        "WeakBlow2": 0.0
    }
}
