{
    "Enemies": {
        "AttackValue1": 11.760000228881836,
        "AttackValue2": 0.0,
        "FallSpeed1": 3.5,
        "FallSpeed2": 0.0,
        "MaxPowerBlow1": 48.720001220703125,
        "MaxPowerBlow2": 0.0,
        "WeakBlow1": 22.84000015258789,
        "WeakBlow2": 0.0,
        "explotionExtensionTime_1": 1.6399999856948853,
        "explotionExtensionTime_2": 0.0,
        "explotionTime_1": 0.949999988079071,
        "explotionTime_2": 0.0,
        "plusAttackValue1": 4.650000095367432,
        "plusAttackValue2": 0.0,
        "scaleUpParm_1": [
            0.4000000059604645,
            0.4099999964237213,
            0.3700000047683716
        ],
        "scaleUpParm_2": [
            0.0,
            0.0,
            0.0
        ],
        "spawnBoundGravity1": 30.219999313354492,
        "spawnBoundGravity2": 0.0,
        "spawnBoundGravityMax1": 26.579999923706055,
        "spawnBoundGravityMax2": 0.0,
        "spawnBoundSpeed1": 17.889999389648438,
        "spawnBoundSpeed2": 0.0,
        "spawnFallSpeed1": 16.18000030517578,
        "spawnFallSpeed2": 0.0,
        "strongAttackValue1": 16.469999313354492,
        "strongAttackValue2": 0.0
    }
}
