{
    "FieldBlock2": {
        "LooksSize": [
            2.430000066757202,
            2.700000047683716,
            7.760000228881836
        ],
        "Translate": [
            18.799999237060547,
            -3.200000047683716,
            0.800000011920929
        ],
        "collisionSize_": [
            13.369999885559082,
            7.53000020980835,
            31.940000534057617
        ]
    }
}
