{
    "FieldBlock2": {
        "LooksSize": [
            4.21999979019165,
            3.0,
            6.300000190734863
        ],
        "Translate": [
            16.899999618530273,
            -1.100000023841858,
            0.0
        ],
        "collisionSize_": [
            17.040000915527344,
            3.0,
            18.0
        ]
    }
}
