{
    "FieldBlock0": {
        "LooksSize": [
            3.0,
            3.0,
            6.349999904632568
        ],
        "Translate": [
            -18.100000381469727,
            -1.100000023841858,
            0.0
        ],
        "collisionSize_": [
            11.289999961853027,
            2.869999885559082,
            18.09000015258789
        ]
    }
}
