{
    "FieldBlock1": {
        "LooksSize": [
            4.28000020980835,
            2.700000047683716,
            6.269999980926514
        ],
        "Translate": [
            0.5,
            -3.200000047683716,
            0.0
        ],
        "collisionSize_": [
            22.649999618530273,
            7.53000020980835,
            30.729999542236328
        ]
    }
}
