{
    "FieldBlock0": {
        "LooksSize": [
            2.430000066757202,
            2.700000047683716,
            7.769999980926514
        ],
        "Translate": [
            -17.899999618530273,
            -3.200000047683716,
            0.800000011920929
        ],
        "collisionSize_": [
            12.529999732971191,
            7.519999980926514,
            28.920000076293945
        ]
    }
}
