{
    "FieldBlock1": {
        "LooksSize": [
            5.150000095367432,
            3.0,
            6.300000190734863
        ],
        "Translate": [
            -2.200000047683716,
            -1.100000023841858,
            0.0
        ],
        "collisionSize_": [
            20.479999542236328,
            3.390000104904175,
            15.34000015258789
        ]
    }
}
