{
    "FieldBlock1": {
        "LooksSize": [
            4.440000057220459,
            2.7200000286102295,
            7.699999809265137
        ],
        "Translate": [
            1.100000023841858,
            -3.200000047683716,
            0.0
        ],
        "collisionSize_": [
            22.649999618530273,
            7.53000020980835,
            30.729999542236328
        ]
    }
}
