{
    "FieldBlock2": {
        "LooksSize": [
            8.34000015258789,
            8.489999771118164,
            15.210000038146973
        ],
        "Translate": [
            16.799999237060547,
            -8.699999809265137,
            0.0
        ],
        "collisionSize_": [
            16.75,
            17.989999771118164,
            18.0
        ]
    }
}
