{
    "FieldBlock0": {
        "LooksSize": [
            6.130000114440918,
            8.25,
            15.069999694824219
        ],
        "Translate": [
            -18.0,
            -8.399999618530273,
            0.0
        ],
        "collisionSize_": [
            11.869999885559082,
            16.6200008392334,
            18.09000015258789
        ]
    }
}
