{
    "FieldBlock1": {
        "LooksSize": [
            10.229999542236328,
            8.220000267028809,
            15.0
        ],
        "Translate": [
            -1.7000000476837158,
            -8.399999618530273,
            0.0
        ],
        "collisionSize_": [
            20.18000030517578,
            17.510000228881836,
            15.34000015258789
        ]
    }
}
