{
    "FieldBlock2": {
        "LooksSize": [
            10.569999694824219,
            8.489999771118164,
            15.0
        ],
        "Translate": [
            19.100000381469727,
            -8.699999809265137,
            0.0
        ],
        "collisionSize_": [
            20.68000030517578,
            17.440000534057617,
            18.0
        ]
    }
}
