{
    "FieldBlock0": {
        "LooksSize": [
            6.539999961853027,
            8.25,
            15.0
        ],
        "Translate": [
            -18.100000381469727,
            -8.399999618530273,
            0.0
        ],
        "collisionSize_": [
            12.699999809265137,
            16.6200008392334,
            18.09000015258789
        ]
    }
}
