{
    "KikArea": {
        "maxPowerAreaPos_": [
            0.0,
            3.0,
            0.0
        ],
        "maxPowerAreaScale_": [
            51.5,
            11.300000190734863,
            16.799999237060547
        ],
        "normalAreaPos_": [
            0.0,
            17.200000762939453,
            0.0
        ],
        "normalAreaScale_": [
            52.099998474121094,
            16.899999618530273,
            5.599999904632568
        ],
        "weakAreaPos_": [
            0.0,
            30.299999237060547,
            0.0
        ],
        "weakAreaScale_": [
            55.400001525878906,
            8.699999809265137,
            25.799999237060547
        ]
    }
}
