{
    "KikArea": {
        "maxPowerAreaPos_": [
            0.0,
            3.0,
            0.0
        ],
        "maxPowerAreaScale_": [
            51.5,
            10.600000381469727,
            16.799999237060547
        ],
        "normalAreaPos_": [
            0.0,
            17.200000762939453,
            0.0
        ],
        "normalAreaScale_": [
            52.099998474121094,
            16.899999618530273,
            5.599999904632568
        ],
        "specialAttackPos_": [
            4.199999809265137,
            44.599998474121094,
            0.0
        ],
        "specialAttackScale_": [
            71.5999984741211,
            8.199999809265137,
            28.200000762939453
        ],
        "weakAreaPos_": [
            0.0,
            30.299999237060547,
            0.0
        ],
        "weakAreaScale_": [
            55.400001525878906,
            7.400000095367432,
            25.799999237060547
        ]
    }
}
