{
    "LifeUI": {
        "basePosDeath": [
            160.5,
            372.8999938964844,
            0.0
        ],
        "basePosDeath1": [
            119.4000015258789,
            372.8999938964844,
            0.0
        ],
        "basePosDeath2": [
            -23.700000762939453,
            372.8999938964844,
            0.0
        ],
        "basePosNormal": [
            813.5,
            428.0,
            0.0
        ],
        "basePosNormal1": [
            773.5,
            428.0,
            0.0
        ],
        "basePosNormal2": [
            708.7000122070313,
            428.0,
            0.0
        ],
        "braekWaitTime_": 0.7200000286102295,
        "deathTextureHeigth_": 160.0,
        "deathTextureWidth_": 160.0,
        "emitterPosies_[0]": [
            -13.0,
            25.0,
            0.0
        ],
        "emitterPosies_[1]": [
            0.0,
            25.0,
            0.0
        ],
        "emitterPosies_[2]": [
            0.0,
            25.0,
            0.0
        ],
        "moveUIEaseTime_": 0.6700000166893005,
        "moveWaitTime_": 0.3799999952316284,
        "offsetDeath": 191.0,
        "offsetNormal": 96.9000015258789
    }
}
