{
    "Player": {
        "AirMoveSpeed": 17.0,
        "Gravity": 27.639999389648438,
        "JumpSpeed": 26.229999542236328,
        "KikTime": 0.10000000149011612,
        "KikWaitTime": 0.1899999976158142,
        "MaxFallSpeed": 9.229999542236328,
        "MoveSpeed": 17.0,
        "RecoilJumpSpeed": 0.44999998807907104,
        "RecoilSpeed": 2.4200000762939453,
        "Translate": [
            14.184621810913086,
            2.200000047683716,
            -2.558469295501709
        ],
        "deathCount_": 1,
        "footMotionAmount_": 0.550000011920929,
        "footStartPosLeft_": [
            0.5,
            -1.7999999523162842,
            -0.20000000298023224
        ],
        "footStartPosRight_": [
            -0.5,
            -1.7999999523162842,
            -0.20000000298023224
        ],
        "jumpFootSpeed_": 3.6500000953674316,
        "kikChargeTime_": 0.6800000071525574,
        "kikDirectionSpeed_": 2.4800000190734863,
        "kikRotateTime_": 0.44999998807907104,
        "moveFootSpeed_": 0.3799999952316284,
        "respownInvincibleTime_": 1.059999942779541,
        "respownPos_": [
            -16.5,
            1.0,
            0.0
        ],
        "respownWaitTime_": 0.800000011920929,
        "specialAttackAntiTime_": 0.2800000011920929,
        "specialAttackFallSpeed_": 34.27000045776367,
        "specialAttackPostGravity_": 1.7000000476837158,
        "specialAttackPostJump_": 0.9800000190734863,
        "specialAttackPostMaxFallSpeed_": 0.75
    }
}
