{
    "Player": {
        "AirMoveSpeed": 26.510000228881836,
        "Gravity": 1.0,
        "JumpSpeed": 0.9599999785423279,
        "KikTime": 0.10000000149011612,
        "KikWaitTime": 0.1899999976158142,
        "MoveSpeed": 10.1899995803833,
        "RecoilJumpSpeed": 0.44999998807907104,
        "RecoilSpeed": 2.4200000762939453,
        "Translate": [
            0.0,
            1.5,
            -2.5999999046325684
        ]
    }
}
