{
    "Player": {
        "AirMoveSpeed": 17.0,
        "Gravity": 27.639999389648438,
        "JumpSpeed": 26.229999542236328,
        "KikTime": 0.10000000149011612,
        "KikWaitTime": 0.1899999976158142,
        "MaxFallSpeed": 9.229999542236328,
        "MoveSpeed": 17.0,
        "RecoilJumpSpeed": 0.44999998807907104,
        "RecoilSpeed": 2.4200000762939453,
        "Translate": [
            0.0,
            1.5,
            -2.558469295501709
        ],
        "deathCount_": 1,
        "kikChargeTime_": 0.6800000071525574,
        "kikDirectionSpeed_": 2.4800000190734863,
        "respownInvincibleTime_": 1.059999942779541,
        "respownPos_": [
            0.0,
            4.099999904632568,
            0.0
        ],
        "respownWaitTime_": 0.800000011920929,
        "specialAttackAntiTime_": 0.2800000011920929,
        "specialAttackFallSpeed_": 34.27000045776367,
        "specialAttackPostGravity_": 1.7000000476837158,
        "specialAttackPostJump_": 0.9800000190734863,
        "specialAttackPostMaxFallSpeed_": 0.75
    }
}
