{
    "Player": {
        "AirMoveSpeed": 26.510000228881836,
        "Gravity": 1.0,
        "JumpSpeed": 1.059999942779541,
        "MoveSpeed": 10.1899995803833,
        "Translate": [
            1.805802583694458,
            1.5,
            -45.0
        ]
    }
}
