{
    "Player": {
        "AirMoveSpeed": 26.510000228881836,
        "Gravity": 1.159999966621399,
        "JumpSpeed": 0.5,
        "KikTime": 0.10000000149011612,
        "KikWaitTime": 0.1899999976158142,
        "MaxFallSpeed": 0.10000000149011612,
        "MoveSpeed": 10.1899995803833,
        "RecoilJumpSpeed": 0.44999998807907104,
        "RecoilSpeed": 2.4200000762939453,
        "Translate": [
            -19.557022094726563,
            1.5,
            -2.558469295501709
        ]
    }
}
