{
    "Player": {
        "AirMoveSpeed": 26.510000228881836,
        "Gravity": 1.0,
        "JumpSpeed": 0.9599999785423279,
        "MoveSpeed": 10.1899995803833,
        "Translate": [
            -1.607001781463623,
            1.5,
            -45.0
        ]
    }
}
