{
    "Player": {
        "AirMoveSpeed": 15.0,
        "Gravity": 27.639999389648438,
        "JumpSpeed": 23.0,
        "KikTime": 0.10000000149011612,
        "KikWaitTime": 0.1899999976158142,
        "MaxFallSpeed": 9.229999542236328,
        "MoveSpeed": 13.0,
        "RecoilJumpSpeed": 0.44999998807907104,
        "RecoilSpeed": 2.4200000762939453,
        "Translate": [
            12.73031997680664,
            2.9000000953674316,
            0.0
        ],
        "deathCount_": 1,
        "footBackTime_": 0.6800000071525574,
        "footMotionAmount_": 0.550000011920929,
        "footSlopeBackTime_": 0.47999998927116394,
        "footSlopeTime_": 0.07999999821186066,
        "footStartPosLeft_": [
            0.5,
            -2.200000047683716,
            -0.20000000298023224
        ],
        "footStartPosRight_": [
            -0.5,
            -2.200000047683716,
            -0.20000000298023224
        ],
        "headMotionAmount_": 0.20000000298023224,
        "headMotionSpeed": 20.360000610351563,
        "jumpFootRotateX_": 1.2799999713897705,
        "jumpFootRotate_": [
            1.5499999523162842,
            0.0,
            0.0
        ],
        "jumpPartsOffset_": 0.0,
        "kikChargeTime_": 0.6800000071525574,
        "kikDirectionSpeed_": 1.559999942779541,
        "kikRotateTime_": 0.44999998807907104,
        "moveFootSpeed_": 26.540000915527344,
        "respownInvincibleTime_": 1.059999942779541,
        "respownPos_": [
            -16.5,
            2.9000000953674316,
            0.0
        ],
        "respownWaitTime_": 0.800000011920929,
        "specialAttackAntiTime_": 0.2800000011920929,
        "specialAttackFallSpeed_": 34.27000045776367,
        "specialAttackPostGravity_": 1.7000000476837158,
        "specialAttackPostJump_": 0.9800000190734863,
        "specialAttackPostMaxFallSpeed_": 0.75,
        "trainRootPos_": [
            0.5,
            1.1100000143051147,
            0.7699999809265137
        ],
        "trainTipPos_": [
            0.5,
            3.740000009536743,
            2.880000114440918
        ]
    }
}
