{
    "ResultFont": {
        "fallEaseMaxTime": 0.5199999809265137,
        "fallEndPosY_": 202.3000030517578,
        "fallStartPosY_": -133.60000610351563,
        "kWaitTime_": 0.28999999165534973
    }
}
