{
    "UFO": {
        "DamageDistance": 1.0,
        "DamageTime": 0.3499999940395355,
        "DamageValue(par)": 0.20000000298023224,
        "PopWaitTime": 3.3399999141693115,
        "Translate": [
            0.0,
            44.56399917602539,
            11.199999809265137
        ],
        "barPos_": [
            415.5,
            53.5,
            0.0
        ],
        "collisionSize_": [
            56.5,
            7.599999904632568,
            27.100000381469727
        ],
        "hitStopDamage_": 10.0,
        "hitStopTime_": 0.20000000298023224,
        "hpPos_": [
            74.0,
            16.0,
            0.0
        ],
        "lightScaleUnderPop": [
            5.0,
            7.0,
            5.0
        ],
        "rootLightScale": [
            1.0,
            1.0,
            1.0
        ],
        "startBarPos_": [
            415.0,
            -41.5,
            0.0
        ],
        "startHpPos_": [
            74.0,
            -101.0,
            0.0
        ],
        "startPos": [
            0.0,
            96.69999694824219,
            11.399999618530273
        ]
    }
}
