{
    "UFO": {
        "DamageDistance": 2.190000057220459,
        "DamageTime": 0.3499999940395355,
        "DamageValue(par)": 0.20000000298023224,
        "PopWaitTime": 3.3399999141693115,
        "Translate": [
            0.0,
            44.56399917602539,
            11.199999809265137
        ],
        "barPos_": [
            415.5,
            53.5,
            0.0
        ],
        "collisionSize_": [
            56.5,
            7.599999904632568,
            27.100000381469727
        ],
        "deathFallSpeed_": 8.619999885559082,
        "explotionPosY_": 0.8999999761581421,
        "hitStopDamage_": 6.980000019073486,
        "hitStopTime_": 0.20000000298023224,
        "hpPos_": [
            74.0,
            16.0,
            0.0
        ],
        "lightScaleUnderPop": [
            7.0,
            13.0,
            7.0
        ],
        "particleOffsets0_": [
            -13.0,
            1.5,
            0.0
        ],
        "particleOffsets1_": [
            0.0,
            -1.2999999523162842,
            0.0
        ],
        "particleOffsets2_": [
            13.899999618530273,
            3.0999999046325684,
            0.0
        ],
        "rootLightScale": [
            1.0,
            1.0,
            1.0
        ],
        "shakeLength": 6.269999980926514,
        "shakeTime": 21.729999542236328,
        "startBarPos_": [
            415.0,
            -41.5,
            0.0
        ],
        "startHpPos_": [
            74.0,
            -101.0,
            0.0
        ],
        "startPos": [
            0.0,
            96.69999694824219,
            11.399999618530273
        ]
    }
}
