{
    "UFO": {
        "PopWaitTime": 3.3399999141693115,
        "Translate": [
            -0.6000000238418579,
            28.5,
            -45.20000076293945
        ]
    }
}
