{
    "UFO": {
        "DamageDistance": 1.0,
        "DamageTime": 0.3499999940395355,
        "DamageValue(par)": 0.20000000298023224,
        "PopWaitTime": 3.3399999141693115,
        "Translate": [
            1.2450000047683716,
            44.56399917602539,
            11.199999809265137
        ],
        "collisionSize_": [
            56.5,
            7.599999904632568,
            27.100000381469727
        ],
        "hitStopDamage_": 15.010000228881836,
        "hitStopTime_": 0.20000000298023224,
        "lightScaleUnderPop": [
            5.0,
            7.0,
            5.0
        ],
        "rootLightScale": [
            1.0,
            1.0,
            1.0
        ]
    }
}
