{
    "UFO": {
        "DamageDistance": 1.0,
        "DamageTime": 0.3499999940395355,
        "DamageValue(par)": 0.20000000298023224,
        "PopWaitTime": 3.3399999141693115,
        "Translate": [
            22.74517250061035,
            37.948001861572266,
            0.0
        ]
    }
}
