{
    "UFO": {
        "DamageDistance": 1.0,
        "DamageTime": 0.3499999940395355,
        "PopWaitTime": 3.3399999141693115,
        "Translate": [
            -0.6000000238418579,
            37.948001861572266,
            0.0
        ]
    }
}
