{
    "UFO": {
        "DamageDistance": 4.53000020980835,
        "DamageTime": 0.12999999523162842,
        "PopWaitTime": 3.3399999141693115,
        "Translate": [
            -0.6000000238418579,
            41.099998474121094,
            0.0
        ]
    }
}
