{"nodes":{"node:321":{"location":{"x":202,"y":-124}},"node:324":{"location":{"x":-64,"y":196}},"node:327":{"location":{"x":58,"y":260}},"node:329":{"location":{"x":-208,"y":52}},"node:333":{"location":{"x":400,"y":28}}},"selection":null,"view":{"scroll":{"x":-78.9229660034179688,"y":-58.724578857421875},"visible_rect":{"max":{"x":397.0770263671875,"y":317.275421142578125},"min":{"x":-78.9229660034179688,"y":-58.724578857421875}},"zoom":1}}