{"nodes":{"node:321":{"location":{"x":0,"y":0}},"node:324":{"location":{"x":138,"y":4}},"node:327":{"location":{"x":-6,"y":148}},"node:329":{"location":{"x":-6,"y":248}},"node:333":{"location":{"x":336,"y":28}}},"selection":["node:327"],"view":{"scroll":{"x":-59.0405654907226562,"y":-72.6148223876953125},"visible_rect":{"max":{"x":551.9459228515625,"y":439.180267333984375},"min":{"x":-78.7207565307617188,"y":-96.81976318359375}},"zoom":0.75}}