{"nodes":{"node:321":{"location":{"x":0,"y":0}},"node:324":{"location":{"x":0,"y":0}},"node:327":{"location":{"x":-6,"y":148}},"node:329":{"location":{"x":-16,"y":232}},"node:333":{"location":{"x":336,"y":28}}},"selection":null,"view":{"scroll":{"x":-95.116241455078125,"y":-5.7113337516784668},"visible_rect":{"max":{"x":421.17840576171875,"y":415.051605224609375},"min":{"x":-126.821670532226562,"y":-7.6151127815246582}},"zoom":0.749999940395355225}}