{"nodes":{"node:78":{"location":{"x":-342,"y":-92}},"node:81":{"location":{"x":-198,"y":-92}},"node:84":{"location":{"x":-406,"y":100}},"node:86":{"location":{"x":16,"y":-12}}},"selection":null,"view":{"scroll":{"x":-470.43829345703125,"y":-262.774871826171875},"visible_rect":{"max":{"x":165.672042846679688,"y":214.940032958984375},"min":{"x":-668.6456298828125,"y":-373.48846435546875}},"zoom":0.703568935394287109}}