{"nodes":{"node:321":{"location":{"x":-22,"y":-60}},"node:323":{"location":{"x":-6,"y":308}},"node:326":{"location":{"x":170,"y":308}},"node:329":{"location":{"x":-118,"y":84}},"node:333":{"location":{"x":400,"y":28}}},"selection":null,"view":{"scroll":{"x":-111.088424682617188,"y":-99.863861083984375},"visible_rect":{"max":{"x":796.1318359375,"y":602.449462890625},"min":{"x":-242.3629150390625,"y":-217.8741455078125}},"zoom":0.458355724811553955}}