{"nodes":{"node:65":{"location":{"x":-112,"y":-28}},"node:68":{"location":{"x":-112,"y":68}},"node:71":{"location":{"x":64,"y":4}}},"selection":null,"view":{"scroll":{"x":-166.723861694335938,"y":-9.14628219604492188},"visible_rect":{"max":{"x":173.964736938476562,"y":165.791839599609375},"min":{"x":-161.784332275390625,"y":-8.87530517578125}},"zoom":1.03053152561187744}}