{"nodes":{"node:57":{"location":{"x":-112,"y":36}},"node:60":{"location":{"x":-112,"y":-44}},"node:63":{"location":{"x":80,"y":36}}},"selection":null,"view":{"scroll":{"x":-132.288284301757812,"y":-30.5516853332519531},"visible_rect":{"max":{"x":275.180023193359375,"y":173.594039916992188},"min":{"x":-169.544052124023438,"y":-39.15582275390625}},"zoom":0.780259072780609131}}