{"nodes":{"node:65":{"location":{"x":0,"y":0}},"node:68":{"location":{"x":0,"y":0}},"node:71":{"location":{"x":0,"y":0}}},"selection":null,"view":{"scroll":{"x":-110.691520690917969,"y":-52.4967384338378906},"visible_rect":{"max":{"x":374.45831298828125,"y":245.187942504882812},"min":{"x":-207.96588134765625,"y":-98.6302261352539062}},"zoom":0.532258093357086182}}