{"nodes":{"node:321":{"location":{"x":-22,"y":-60}},"node:324":{"location":{"x":240,"y":-44}},"node:327":{"location":{"x":-22,"y":100}},"node:329":{"location":{"x":0,"y":228}},"node:333":{"location":{"x":464,"y":-12}}},"selection":null,"view":{"scroll":{"x":-118.236907958984375,"y":-104.828231811523438},"visible_rect":{"max":{"x":827.12493896484375,"y":626.931396484375},"min":{"x":-273.35601806640625,"y":-242.356033325195312}},"zoom":0.432538151741027832}}