{"nodes":{"node:381":{"location":{"x":-32,"y":20}},"node:384":{"location":{"x":368,"y":140}},"node:388":{"location":{"x":144,"y":52}},"node:392":{"location":{"x":-70,"y":196}},"node:395":{"location":{"x":-80,"y":292}}},"selection":null,"view":{"scroll":{"x":-121.933158874511719,"y":-65.1298599243164062},"visible_rect":{"max":{"x":591.11395263671875,"y":567.2100830078125},"min":{"x":-205.3067626953125,"y":-109.663368225097656}},"zoom":0.593907177448272705}}