{"nodes":{"node:753":{"location":{"x":-320,"y":-252}},"node:756":{"location":{"x":-192,"y":-236}},"node:759":{"location":{"x":-16,"y":-124}}},"selection":null,"view":{"scroll":{"x":-385.144073486328125,"y":-265.26763916015625},"visible_rect":{"max":{"x":217.839187622070312,"y":165.51873779296875},"min":{"x":-394.16082763671875,"y":-271.477935791015625}},"zoom":0.977124154567718506}}