{"nodes":{"node:111":{"location":{"x":-134,"y":-44}},"node:114":{"location":{"x":-118,"y":-204}},"node:117":{"location":{"x":-118,"y":116}},"node:119":{"location":{"x":144,"y":-24}}},"selection":null,"view":{"scroll":{"x":-177.84173583984375,"y":-172.028472900390625},"visible_rect":{"max":{"x":397.54437255859375,"y":271.9620361328125},"min":{"x":-237.122314453125,"y":-229.371307373046875}},"zoom":0.75}}