{"nodes":{"node:78":{"location":{"x":-416,"y":-92}},"node:81":{"location":{"x":-288,"y":-92}},"node:84":{"location":{"x":-374,"y":68}},"node:86":{"location":{"x":80,"y":4}}},"selection":null,"view":{"scroll":{"x":-352.6591796875,"y":-187.42095947265625},"visible_rect":{"max":{"x":246.681640625,"y":377.1580810546875},"min":{"x":-705.318359375,"y":-374.8419189453125}},"zoom":0.5}}