{"nodes":{"node:221":{"location":{"x":-32,"y":-204}},"node:224":{"location":{"x":-246,"y":-204}},"node:227":{"location":{"x":-246,"y":84}},"node:229":{"location":{"x":256,"y":-8}}},"selection":null,"view":{"scroll":{"x":-193.994155883789062,"y":-161.2708740234375},"visible_rect":{"max":{"x":564.01171875,"y":429.458251953125},"min":{"x":-387.988311767578125,"y":-322.541748046875}},"zoom":0.5}}