{"nodes":null,"selection":null,"view":{"scroll":{"x":485.620147705078125,"y":-131.468551635742188},"visible_rect":{"max":{"x":1016.586181640625,"y":248.474151611328125},"min":{"x":595.77935791015625,"y":-161.291183471679688}},"zoom":0.815100729465484619}}