{"nodes":{"node:65":{"location":{"x":-144,"y":-92}},"node:68":{"location":{"x":-144,"y":20}},"node:71":{"location":{"x":80,"y":-28}}},"selection":null,"view":{"scroll":{"x":-133.886505126953125,"y":-19.5856819152832031},"visible_rect":{"max":{"x":284.1513671875,"y":160.552444458007812},"min":{"x":-178.515365600585938,"y":-26.1142463684082031}},"zoom":0.749999940395355225}}