{"nodes":{"node:381":{"location":{"x":-32,"y":20}},"node:384":{"location":{"x":368,"y":140}},"node:388":{"location":{"x":144,"y":52}},"node:392":{"location":{"x":-70,"y":196}},"node:395":{"location":{"x":-80,"y":292}}},"selection":null,"view":{"scroll":{"x":-95.9814376831054688,"y":-34.3525047302246094},"visible_rect":{"max":{"x":517.5703125,"y":504.705718994140625},"min":{"x":-131.76312255859375,"y":-47.1590499877929688}},"zoom":0.7284393310546875}}