{"nodes":{"node:49":{"location":{"x":-32,"y":-12}},"node:52":{"location":{"x":-32,"y":100}},"node:55":{"location":{"x":160,"y":68}}},"selection":null,"view":{"scroll":{"x":-74.0653533935546875,"y":-66.540863037109375},"visible_rect":{"max":{"x":265.2462158203125,"y":235.278854370117188},"min":{"x":-98.7538070678710938,"y":-88.7211532592773438}},"zoom":0.75}}