{"nodes":{"node:57":{"location":{"x":-240,"y":52}},"node:60":{"location":{"x":-240,"y":-92}},"node:63":{"location":{"x":64,"y":52}}},"selection":null,"view":{"scroll":{"x":-322.251312255859375,"y":-176.82122802734375},"visible_rect":{"max":{"x":485.350128173828125,"y":440.344085693359375},"min":{"x":-567.2001953125,"y":-311.226165771484375}},"zoom":0.568143844604492188}}