{"nodes":{"node:57":{"location":{"x":0,"y":0}},"node:60":{"location":{"x":0,"y":0}},"node:63":{"location":{"x":0,"y":0}}},"selection":null,"view":{"scroll":{"x":-101.810897827148438,"y":-36.9436988830566406},"visible_rect":{"max":{"x":254.228759765625,"y":188.357498168945312},"min":{"x":-148.592864990234375,"y":-53.9192771911621094}},"zoom":0.685166776180267334}}