{"nodes":{"node:113":{"location":{"x":-22,"y":-28}},"node:116":{"location":{"x":-22,"y":36}},"node:119":{"location":{"x":160,"y":20}}},"selection":null,"view":{"scroll":{"x":-103.557952880859375,"y":-26.1671028137207031},"visible_rect":{"max":{"x":264.44525146484375,"y":174.566299438476562},"min":{"x":-158.809356689453125,"y":-40.1280670166015625}},"zoom":0.652089774608612061}}