{"nodes":{"node:545":{"location":{"x":0,"y":0}},"node:548":{"location":{"x":288,"y":-60}},"node:551":{"location":{"x":26,"y":36}},"node:553":{"location":{"x":0,"y":136}},"node:557":{"location":{"x":464,"y":56}}},"selection":null,"view":{"scroll":{"x":-30.98956298828125,"y":-72.0902099609375},"visible_rect":{"max":{"x":610.7987060546875,"y":417.131134033203125},"min":{"x":-42.534698486328125,"y":-98.947357177734375}},"zoom":0.72857135534286499}}