{"nodes":{"node:57":{"location":{"x":-240,"y":36}},"node:60":{"location":{"x":-240,"y":-92}},"node:63":{"location":{"x":64,"y":52}}},"selection":null,"view":{"scroll":{"x":-325.714569091796875,"y":-171.357879638671875},"visible_rect":{"max":{"x":417.123565673828125,"y":391.627105712890625},"min":{"x":-498.973541259765625,"y":-262.509124755859375}},"zoom":0.652769207954406738}}