{"nodes":{"node:113":{"location":{"x":0,"y":0}},"node:116":{"location":{"x":0,"y":0}},"node:119":{"location":{"x":0,"y":0}}},"selection":null,"view":{"scroll":{"x":-112.606094360351562,"y":-45.1820716857910156},"visible_rect":{"max":{"x":387.609832763671875,"y":235.278839111328125},"min":{"x":-221.117416381835938,"y":-88.7211532592773438}},"zoom":0.509259283542633057}}