{"nodes":{"node:833":{"location":{"x":-182,"y":20}},"node:836":{"location":{"x":-134,"y":-140}},"node:839":{"location":{"x":80,"y":-92}}},"selection":null,"view":{"scroll":{"x":-311.6864013671875,"y":-197.716156005859375},"visible_rect":{"max":{"x":234.413299560546875,"y":187.72137451171875},"min":{"x":-255.186752319335938,"y":-161.8759765625}},"zoom":1.22140514850616455}}