# Generated by Shader Studio
# Vertices: 961
# Indexed geometry

mtllib Terrain2.mtl
usemtl default

v -30.000000 -0.436638 -30.000000 0.458943 0.679471 0.279472
v -28.000000 -0.053019 -30.000000 0.489577 0.694789 0.294789
v -26.000000 -0.920430 -30.000000 0.420310 0.660155 0.260155
v -24.000000 -1.231437 -30.000000 0.395474 0.647737 0.247737
v -22.000000 -1.085817 -30.000000 0.407102 0.653551 0.253551
v -20.000000 -0.615843 -30.000000 0.444632 0.672316 0.272316
v -18.000000 -0.455479 -30.000000 0.457438 0.678719 0.278719
v -16.000000 0.079028 -30.000000 0.500061 0.699909 0.300030
v -14.000000 -0.260577 -30.000000 0.473002 0.686501 0.286501
v -12.000000 -0.823637 -30.000000 0.428039 0.664020 0.264019
v -10.000000 -1.262181 -30.000000 0.393019 0.646509 0.246509
v -8.000000 -1.293787 -30.000000 0.390495 0.645247 0.245247
v -6.000000 -1.437124 -30.000000 0.379049 0.639524 0.239524
v -4.000000 -0.714100 -30.000000 0.436786 0.668393 0.268393
v -2.000000 -0.274320 -30.000000 0.471905 0.685952 0.285953
v 0.000000 -0.279104 -30.000000 0.471523 0.685762 0.285761
v 2.000000 -0.771911 -30.000000 0.432170 0.666085 0.266085
v 4.000000 -0.036601 -30.000000 0.490888 0.695444 0.295444
v 6.000000 1.067414 -30.000000 0.539525 0.640713 0.319762
v 8.000000 1.846694 -30.000000 0.570640 0.594040 0.335320
v 10.000000 2.612923 -30.000000 0.602467 0.553084 0.356169
v 12.000000 2.115513 -30.000000 0.581373 0.577940 0.340687
v 14.000000 1.231045 -30.000000 0.546058 0.630912 0.323029
v 16.000000 0.706827 -30.000000 0.525128 0.662309 0.312564
v 18.000000 0.862813 -30.000000 0.531356 0.652966 0.315678
v 20.000000 0.138731 -30.000000 0.502445 0.696333 0.301222
v 22.000000 -0.869346 -30.000000 0.424389 0.662194 0.262194
v 24.000000 -1.553120 -30.000000 0.369786 0.634893 0.234893
v 26.000000 -0.901887 -30.000000 0.421790 0.660895 0.260895
v 28.000000 -0.159230 -30.000000 0.481096 0.690548 0.290548
v 30.000000 -0.436638 -30.000000 0.458943 0.679471 0.279472
v -30.000000 0.458262 -28.000000 0.515203 0.677196 0.307601
v -28.000000 0.409029 -28.000000 0.513237 0.680144 0.306619
v -26.000000 -0.075279 -28.000000 0.487800 0.693900 0.293900
v -24.000000 -0.706864 -28.000000 0.437364 0.668682 0.268682
v -22.000000 -1.103197 -28.000000 0.405715 0.652857 0.252857
v -20.000000 -1.013913 -28.000000 0.412844 0.656422 0.256422
v -18.000000 -0.781946 -28.000000 0.431368 0.665684 0.265684
v -16.000000 -0.554448 -28.000000 0.449535 0.674768 0.274768
v -14.000000 -0.125455 -28.000000 0.483793 0.691896 0.291896
v -12.000000 0.010455 -28.000000 0.494646 0.697323 0.297323
v -10.000000 -0.057832 -28.000000 0.489193 0.694596 0.294596
v -8.000000 -0.295889 -28.000000 0.470183 0.685091 0.285091
v -6.000000 -0.917186 -28.000000 0.420569 0.660284 0.260284
v -4.000000 -1.330415 -28.000000 0.387570 0.643785 0.243785
v -2.000000 -0.899543 -28.000000 0.421977 0.660989 0.260989
v 0.000000 -1.125029 -28.000000 0.403971 0.651986 0.251986
v 2.000000 -1.040616 -28.000000 0.410712 0.655356 0.255356
v 4.000000 0.299065 -28.000000 0.508846 0.686730 0.304423
v 6.000000 1.048287 -28.000000 0.538761 0.641858 0.319381
v 8.000000 1.586222 -28.000000 0.560240 0.609640 0.330120
v 10.000000 1.918603 -28.000000 0.573511 0.589733 0.336756
v 12.000000 1.883690 -28.000000 0.572117 0.591824 0.336059
v 14.000000 1.708838 -28.000000 0.565136 0.602297 0.332568
v 16.000000 0.840408 -28.000000 0.530461 0.654308 0.315231
v 18.000000 0.567947 -28.000000 0.519582 0.670626 0.309791
v 20.000000 -0.094899 -28.000000 0.486233 0.693116 0.293116
v 22.000000 -0.519222 -28.000000 0.452348 0.676174 0.276174
v 24.000000 -0.721505 -28.000000 0.436195 0.668097 0.268097
v 26.000000 -0.115466 -28.000000 0.484590 0.692295 0.292295
v 28.000000 0.433969 -28.000000 0.514233 0.678651 0.307116
v 30.000000 0.458262 -28.000000 0.515203 0.677196 0.307601
v -30.000000 1.181720 -26.000000 0.544089 0.633867 0.322044
v -28.000000 1.010810 -26.000000 0.537265 0.644103 0.318632
v -26.000000 0.092689 -26.000000 0.500606 0.699090 0.300303
v -24.000000 -0.353917 -26.000000 0.465549 0.682774 0.282774
v -22.000000 -0.698515 -26.000000 0.438031 0.669015 0.269015
v -20.000000 0.129256 -26.000000 0.502066 0.696900 0.301033
v -18.000000 0.390394 -26.000000 0.512493 0.681260 0.306247
v -16.000000 1.118626 -26.000000 0.541570 0.637645 0.320785
v -14.000000 2.217064 -26.000000 0.585428 0.571858 0.342714
v -12.000000 3.082505 -26.000000 0.639966 0.599958 0.449915
v -10.000000 2.580079 -26.000000 0.599922 0.550116 0.349961
v -8.000000 1.692424 -26.000000 0.564480 0.603280 0.332240
v -6.000000 0.201822 -26.000000 0.504964 0.692554 0.302482
v -4.000000 -0.940418 -26.000000 0.418713 0.659357 0.259357
v -2.000000 -0.564646 -26.000000 0.448721 0.674360 0.274360
v 0.000000 -0.773590 -26.000000 0.432036 0.666018 0.266018
v 2.000000 -0.438906 -26.000000 0.458762 0.679381 0.279381
v 4.000000 -0.052757 -26.000000 0.489598 0.694799 0.294799
v 6.000000 0.777592 -26.000000 0.527953 0.658071 0.313976
v 8.000000 0.999062 -26.000000 0.536796 0.644806 0.318398
v 10.000000 0.597393 -26.000000 0.520758 0.668863 0.310379
v 12.000000 1.222111 -26.000000 0.545702 0.631447 0.322851
v 14.000000 1.299579 -26.000000 0.548795 0.626808 0.324397
v 16.000000 0.089845 -26.000000 0.500493 0.699261 0.300246
v 18.000000 0.473269 -26.000000 0.515802 0.676297 0.307901
v 20.000000 -0.105186 -26.000000 0.485411 0.692706 0.292706
v 22.000000 -0.499005 -26.000000 0.453963 0.676981 0.276981
v 24.000000 -0.739055 -26.000000 0.434793 0.667397 0.267397
v 26.000000 0.479863 -26.000000 0.516065 0.675902 0.308033
v 28.000000 1.321913 -26.000000 0.549687 0.625470 0.324843
v 30.000000 1.181720 -26.000000 0.544089 0.633867 0.322044
v -30.000000 1.230992 -24.000000 0.546056 0.630916 0.323028
v -28.000000 1.733465 -24.000000 0.566119 0.600822 0.333059
v -26.000000 0.635316 -24.000000 0.522272 0.666592 0.311136
v -24.000000 0.393338 -24.000000 0.512611 0.681084 0.306305
v -22.000000 0.834227 -24.000000 0.530214 0.654679 0.315107
v -20.000000 2.135673 -24.000000 0.582178 0.576733 0.341089
v -18.000000 2.738561 -24.000000 0.612500 0.565625 0.381251
v -16.000000 3.674246 -24.000000 0.687220 0.659025 0.568050
v -14.000000 4.754962 -24.000000 0.773521 0.766901 0.783803
v -12.000000 5.263456 -24.000000 0.828255 0.828255 0.871191
v -10.000000 5.956858 -24.000000 0.938999 0.938999 0.954249
v -8.000000 4.515942 -24.000000 0.754434 0.743043 0.736085
v -6.000000 2.173635 -24.000000 0.583694 0.574459 0.341847
v -4.000000 1.115616 -24.000000 0.541450 0.637826 0.320725
v -2.000000 1.098415 -24.000000 0.540763 0.638856 0.320381
v 0.000000 0.528092 -24.000000 0.517991 0.673013 0.308996
v 2.000000 0.178697 -24.000000 0.504040 0.693939 0.302020
v 4.000000 -0.581189 -24.000000 0.447400 0.673700 0.273700
v 6.000000 -1.035047 -24.000000 0.411157 0.655578 0.255578
v 8.000000 -1.176660 -24.000000 0.399848 0.649924 0.249924
v 10.000000 -1.719739 -24.000000 0.356480 0.628240 0.228240
v 12.000000 -1.382693 -24.000000 0.383395 0.641698 0.241698
v 14.000000 -0.529068 -24.000000 0.451562 0.675781 0.275781
v 16.000000 -0.235796 -24.000000 0.474981 0.687491 0.287491
v 18.000000 -0.028014 -24.000000 0.491574 0.695787 0.295787
v 20.000000 0.120123 -24.000000 0.501702 0.697447 0.300851
v 22.000000 0.241473 -24.000000 0.506547 0.690180 0.303273
v 24.000000 -0.142852 -24.000000 0.482403 0.691202 0.291202
v 26.000000 1.017801 -24.000000 0.537544 0.643684 0.318772
v 28.000000 1.447198 -24.000000 0.554689 0.617967 0.327344
v 30.000000 1.230991 -24.000000 0.546056 0.630916 0.323028
v -30.000000 0.926797 -22.000000 0.533910 0.649134 0.316955
v -28.000000 1.348595 -22.000000 0.550752 0.623872 0.325376
v -26.000000 1.236157 -22.000000 0.546263 0.630606 0.323131
v -24.000000 2.344601 -22.000000 0.590520 0.564220 0.345260
v -22.000000 2.094008 -22.000000 0.580515 0.579228 0.340257
v -20.000000 2.289738 -22.000000 0.588330 0.567506 0.344165
v -18.000000 3.430836 -22.000000 0.667782 0.634728 0.519456
v -16.000000 4.730310 -22.000000 0.771553 0.764441 0.778882
v -14.000000 5.995564 -22.000000 0.945180 0.945180 0.958885
v -12.000000 6.338806 -22.000000 1.000000 1.000000 1.000000
v -10.000000 6.227240 -22.000000 0.982182 0.982182 0.986636
v -8.000000 4.931199 -22.000000 0.787595 0.784493 0.818987
v -6.000000 2.690634 -22.000000 0.608673 0.560841 0.371683
v -4.000000 1.545865 -22.000000 0.558628 0.612057 0.329314
v -2.000000 2.108927 -22.000000 0.581110 0.578335 0.340555
v 0.000000 1.087201 -22.000000 0.540315 0.639527 0.320157
v 2.000000 -0.144324 -22.000000 0.482286 0.691143 0.291143
v 4.000000 -0.451377 -22.000000 0.457766 0.678883 0.278883
v 6.000000 -1.402422 -22.000000 0.381820 0.640910 0.240910
v 8.000000 -2.049426 -22.000000 0.330153 0.615076 0.215076
v 10.000000 -1.980359 -22.000000 0.335668 0.617834 0.217834
v 12.000000 -2.090041 -22.000000 0.326910 0.613455 0.213455
v 14.000000 -2.597353 -22.000000 0.293199 0.588665 0.195466
v 16.000000 -0.757822 -22.000000 0.433295 0.666647 0.266647
v 18.000000 0.408265 -22.000000 0.513207 0.680190 0.306603
v 20.000000 0.668533 -22.000000 0.523598 0.664602 0.311799
v 22.000000 0.244535 -22.000000 0.506669 0.689996 0.303335
v 24.000000 -0.360315 -22.000000 0.465038 0.682519 0.282519
v 26.000000 -0.118297 -22.000000 0.484364 0.692182 0.292182
v 28.000000 0.778552 -22.000000 0.527991 0.658013 0.313996
v 30.000000 0.926797 -22.000000 0.533910 0.649134 0.316955
v -30.000000 0.438260 -20.000000 0.514404 0.678394 0.307202
v -28.000000 1.149250 -20.000000 0.542792 0.635811 0.321396
v -26.000000 2.658671 -20.000000 0.606121 0.557651 0.365302
v -24.000000 4.111298 -20.000000 0.722121 0.702651 0.655303
v -22.000000 3.605204 -20.000000 0.681707 0.652133 0.554266
v -20.000000 3.590885 -20.000000 0.680563 0.650704 0.551408
v -18.000000 3.968499 -20.000000 0.710718 0.688397 0.626794
v -16.000000 5.340827 -20.000000 0.840612 0.840612 0.880459
v -14.000000 6.121638 -20.000000 0.965316 0.965316 0.973987
v -12.000000 6.155542 -20.000000 0.970731 0.970731 0.978048
v -10.000000 6.112306 -20.000000 0.963825 0.963825 0.972869
v -8.000000 5.144622 -20.000000 0.809275 0.809275 0.856957
v -6.000000 3.621220 -20.000000 0.682986 0.653732 0.557464
v -4.000000 2.443743 -20.000000 0.594479 0.558282 0.347239
v -2.000000 2.714367 -20.000000 0.610568 0.563210 0.376421
v 0.000000 1.610261 -20.000000 0.561200 0.608200 0.330600
v 2.000000 0.173196 -20.000000 0.503821 0.694269 0.301910
v 4.000000 0.018922 -20.000000 0.495322 0.697661 0.297661
v 6.000000 -0.692374 -20.000000 0.438521 0.669261 0.269260
v 8.000000 -1.267361 -20.000000 0.392605 0.646303 0.246303
v 10.000000 -0.950248 -20.000000 0.417928 0.658964 0.258964
v 12.000000 -1.420326 -20.000000 0.380390 0.640195 0.240195
v 14.000000 -2.183455 -20.000000 0.319450 0.609725 0.209725
v 16.000000 -1.527217 -20.000000 0.371854 0.635927 0.235927
v 18.000000 -0.901225 -20.000000 0.421843 0.660922 0.260922
v 20.000000 -0.068406 -20.000000 0.488348 0.694174 0.294174
v 22.000000 0.048998 -20.000000 0.497724 0.698862 0.298862
v 24.000000 -0.839128 -20.000000 0.426802 0.663401 0.263401
v 26.000000 -1.072673 -20.000000 0.408152 0.654076 0.254076
v 28.000000 -0.338479 -20.000000 0.466782 0.683391 0.283391
v 30.000000 0.438260 -20.000000 0.514404 0.678394 0.307202
v -30.000000 0.000375 -18.000000 0.493841 0.696920 0.296920
v -28.000000 1.105397 -18.000000 0.541042 0.638438 0.320521
v -26.000000 3.155145 -18.000000 0.645767 0.607209 0.464417
v -24.000000 4.784433 -18.000000 0.775875 0.769843 0.789687
v -22.000000 4.932814 -18.000000 0.787724 0.784655 0.819309
v -20.000000 4.950117 -18.000000 0.789105 0.786382 0.822764
v -18.000000 4.562760 -18.000000 0.758173 0.747716 0.745432
v -16.000000 4.100170 -18.000000 0.721232 0.701540 0.653081
v -14.000000 4.634092 -18.000000 0.763869 0.754836 0.759673
v -12.000000 4.758512 -18.000000 0.773805 0.767256 0.784512
v -10.000000 5.693208 -18.000000 0.896891 0.896891 0.922668
v -8.000000 5.765312 -18.000000 0.908407 0.908407 0.931305
v -6.000000 4.902242 -18.000000 0.785282 0.781603 0.813206
v -4.000000 4.062758 -18.000000 0.718245 0.697806 0.645612
v -2.000000 3.685055 -18.000000 0.688083 0.660104 0.570208
v 0.000000 2.247641 -18.000000 0.586649 0.570027 0.343324
v 2.000000 0.553508 -18.000000 0.519006 0.671491 0.309503
v 4.000000 0.694499 -18.000000 0.524635 0.663047 0.312318
v 6.000000 0.627485 -18.000000 0.521960 0.667061 0.310980
v 8.000000 -0.302633 -18.000000 0.469644 0.684822 0.284822
v 10.000000 -0.167764 -18.000000 0.480414 0.690207 0.290207
v 12.000000 -0.599844 -18.000000 0.445910 0.672955 0.272955
v 14.000000 -1.764936 -18.000000 0.352871 0.626436 0.226435
v 16.000000 -2.593856 -18.000000 0.293339 0.588898 0.195559
v 18.000000 -2.733657 -18.000000 0.287757 0.579594 0.191838
v 20.000000 -1.964900 -18.000000 0.336903 0.618451 0.218451
v 22.000000 -1.858950 -18.000000 0.345363 0.622682 0.222682
v 24.000000 -2.036321 -18.000000 0.331199 0.615600 0.215600
v 26.000000 -1.881899 -18.000000 0.343531 0.621765 0.221765
v 28.000000 -0.632851 -18.000000 0.443274 0.671637 0.271637
v 30.000000 0.000375 -18.000000 0.493841 0.696920 0.296920
v -30.000000 -0.499699 -16.000000 0.453907 0.676954 0.276954
v -28.000000 1.086332 -16.000000 0.540280 0.639580 0.320140
v -26.000000 3.493889 -16.000000 0.672818 0.641022 0.532044
v -24.000000 4.747100 -16.000000 0.772893 0.766117 0.782234
v -22.000000 4.899616 -16.000000 0.785073 0.781341 0.812682
v -20.000000 4.042121 -16.000000 0.716597 0.695746 0.641492
v -18.000000 4.181767 -16.000000 0.727748 0.709686 0.669371
v -16.000000 3.799263 -16.000000 0.697203 0.671504 0.593008
v -14.000000 3.580162 -16.000000 0.679707 0.649634 0.549267
v -12.000000 3.602843 -16.000000 0.681518 0.651898 0.553795
v -10.000000 4.819114 -16.000000 0.778644 0.773305 0.796610
v -8.000000 5.820906 -16.000000 0.917286 0.917286 0.937964
v -6.000000 5.391351 -16.000000 0.848681 0.848681 0.886511
v -4.000000 4.447766 -16.000000 0.748990 0.736237 0.722475
v -2.000000 3.027514 -16.000000 0.635575 0.594469 0.438937
v 0.000000 1.606148 -16.000000 0.561035 0.608447 0.330518
v 2.000000 0.878117 -16.000000 0.531967 0.652050 0.315983
v 4.000000 0.740733 -16.000000 0.526481 0.660278 0.313241
v 6.000000 1.393693 -16.000000 0.552553 0.621171 0.326276
v 8.000000 0.665755 -16.000000 0.523488 0.664769 0.311744
v 10.000000 0.935760 -16.000000 0.534268 0.648598 0.317134
v 12.000000 -0.211959 -16.000000 0.476885 0.688442 0.288442
v 14.000000 -0.744711 -16.000000 0.434342 0.667171 0.267171
v 16.000000 -2.029026 -16.000000 0.331782 0.615891 0.215891
v 18.000000 -2.500473 -16.000000 0.297067 0.595112 0.198045
v 20.000000 -3.514609 -16.000000 0.256575 0.527625 0.171050
v 22.000000 -2.592472 -16.000000 0.293394 0.588990 0.195596
v 24.000000 -2.210375 -16.000000 0.317300 0.608650 0.208650
v 26.000000 -1.957584 -16.000000 0.337487 0.618743 0.218743
v 28.000000 -0.940147 -16.000000 0.418735 0.659368 0.259367
v 30.000000 -0.499699 -16.000000 0.453907 0.676954 0.276954
v -30.000000 -0.912639 -14.000000 0.420932 0.660466 0.260466
v -28.000000 0.341338 -14.000000 0.510534 0.684198 0.305267
v -26.000000 2.075778 -14.000000 0.579787 0.580320 0.339893
v -24.000000 3.294671 -14.000000 0.656909 0.621136 0.492272
v -22.000000 2.588751 -14.000000 0.600537 0.550671 0.351343
v -20.000000 2.287984 -14.000000 0.588260 0.567611 0.344130
v -18.000000 2.652238 -14.000000 0.605607 0.557009 0.364017
v -16.000000 3.556513 -14.000000 0.677818 0.647273 0.544546
v -14.000000 3.969292 -14.000000 0.710781 0.688476 0.626953
v -12.000000 3.359657 -14.000000 0.662098 0.627623 0.505246
v -10.000000 3.595484 -14.000000 0.680930 0.651163 0.552326
v -8.000000 4.481618 -14.000000 0.751693 0.739616 0.729233
v -6.000000 4.578713 -14.000000 0.759447 0.749308 0.748617
v -4.000000 3.537163 -14.000000 0.676273 0.645342 0.540683
v -2.000000 1.820045 -14.000000 0.569576 0.595636 0.334788
v 0.000000 1.301370 -14.000000 0.548866 0.626701 0.324433
v 2.000000 1.661302 -14.000000 0.563238 0.605144 0.331619
v 4.000000 1.679315 -14.000000 0.563957 0.604065 0.331978
v 6.000000 1.515545 -14.000000 0.557418 0.613873 0.328709
v 8.000000 0.276814 -14.000000 0.507958 0.688063 0.303979
v 10.000000 -0.405784 -14.000000 0.461407 0.680703 0.280703
v 12.000000 -1.120530 -14.000000 0.404330 0.652165 0.252165
v 14.000000 -0.430718 -14.000000 0.459416 0.679708 0.279708
v 16.000000 -0.841172 -14.000000 0.426639 0.663319 0.263319
v 18.000000 -1.769019 -14.000000 0.352545 0.626272 0.226272
v 20.000000 -3.070695 -14.000000 0.274299 0.557166 0.182866
v 22.000000 -3.764612 -14.000000 0.246593 0.510988 0.164395
v 24.000000 -3.158296 -14.000000 0.270802 0.551336 0.180534
v 26.000000 -2.333341 -14.000000 0.307481 0.603740 0.203740
v 28.000000 -1.005187 -14.000000 0.413541 0.656771 0.256771
v 30.000000 -0.912639 -14.000000 0.420932 0.660466 0.260466
v -30.000000 -0.433333 -12.000000 0.459207 0.679603 0.279603
v -28.000000 0.066714 -12.000000 0.499138 0.699569 0.299569
v -26.000000 1.205879 -12.000000 0.545054 0.632420 0.322527
v -24.000000 2.325354 -12.000000 0.589752 0.565372 0.344876
v -22.000000 1.917804 -12.000000 0.573479 0.589781 0.336740
v -20.000000 1.211478 -12.000000 0.545277 0.632084 0.322639
v -18.000000 1.374791 -12.000000 0.551798 0.622303 0.325899
v -16.000000 2.844752 -12.000000 0.620980 0.576225 0.402451
v -14.000000 4.060061 -12.000000 0.718029 0.697537 0.645074
v -12.000000 3.492631 -12.000000 0.672717 0.640896 0.531793
v -10.000000 4.349081 -12.000000 0.741109 0.726387 0.702773
v -8.000000 5.245966 -12.000000 0.825461 0.825461 0.869096
v -6.000000 6.057994 -12.000000 0.955151 0.955151 0.966363
v -4.000000 5.142906 -12.000000 0.809001 0.809001 0.856751
v -2.000000 3.184557 -12.000000 0.648116 0.610144 0.470289
v 0.000000 2.596341 -12.000000 0.601143 0.551429 0.352858
v 2.000000 1.812946 -12.000000 0.569292 0.596061 0.334646
v 4.000000 1.038259 -12.000000 0.538361 0.642459 0.319180
v 6.000000 0.495072 -12.000000 0.516673 0.674991 0.308336
v 8.000000 0.129130 -12.000000 0.502061 0.696908 0.301031
v 10.000000 -0.112967 -12.000000 0.484790 0.692395 0.292395
v 12.000000 -1.248497 -12.000000 0.394112 0.647056 0.247056
v 14.000000 -1.088779 -12.000000 0.406866 0.653433 0.253433
v 16.000000 -2.462884 -12.000000 0.298568 0.597613 0.199045
v 18.000000 -3.665743 -12.000000 0.250540 0.517567 0.167027
v 20.000000 -4.016971 -12.000000 0.236517 0.494195 0.157678
v 22.000000 -3.667957 -12.000000 0.250452 0.517420 0.166968
v 24.000000 -2.236011 -12.000000 0.315253 0.607626 0.207627
v 26.000000 -1.561625 -12.000000 0.369107 0.634553 0.234553
v 28.000000 -0.766827 -12.000000 0.432576 0.666288 0.266288
v 30.000000 -0.433333 -12.000000 0.459207 0.679603 0.279603
v -30.000000 -0.048280 -10.000000 0.489956 0.694978 0.294978
v -28.000000 0.062226 -10.000000 0.498780 0.699390 0.299390
v -26.000000 0.730295 -10.000000 0.526065 0.660903 0.313032
v -24.000000 0.992473 -10.000000 0.536533 0.645201 0.318266
v -22.000000 0.644850 -10.000000 0.522653 0.666021 0.311326
v -20.000000 0.823151 -10.000000 0.529772 0.655342 0.314886
v -18.000000 0.730120 -10.000000 0.526058 0.660914 0.313029
v -16.000000 2.369586 -10.000000 0.591518 0.562723 0.345759
v -14.000000 3.179502 -10.000000 0.647712 0.609640 0.469280
v -12.000000 4.042861 -10.000000 0.716656 0.695820 0.641640
v -10.000000 4.142506 -10.000000 0.724613 0.705766 0.661533
v -8.000000 5.162174 -10.000000 0.812079 0.812079 0.859059
v -6.000000 5.892018 -10.000000 0.928643 0.928643 0.946482
v -4.000000 5.264588 -10.000000 0.828435 0.828435 0.871327
v -2.000000 4.267550 -10.000000 0.734599 0.718248 0.686497
v 0.000000 3.401515 -10.000000 0.665441 0.631801 0.513602
v 2.000000 2.224967 -10.000000 0.585743 0.571385 0.342872
v 4.000000 1.220286 -10.000000 0.545629 0.631557 0.322814
v 6.000000 0.268598 -10.000000 0.507630 0.688555 0.303815
v 8.000000 -0.476244 -10.000000 0.455780 0.677890 0.277890
v 10.000000 -0.907968 -10.000000 0.421305 0.660652 0.260652
v 12.000000 -1.851545 -10.000000 0.345955 0.622977 0.222977
v 14.000000 -3.091089 -10.000000 0.273485 0.555809 0.182323
v 16.000000 -3.845468 -10.000000 0.243364 0.505607 0.162243
v 18.000000 -4.698452 -10.000000 0.209307 0.448845 0.139538
v 20.000000 -4.911796 -10.000000 0.200788 0.434647 0.133859
v 22.000000 -3.230531 -10.000000 0.267918 0.546529 0.178612
v 24.000000 -1.979209 -10.000000 0.335760 0.617880 0.217880
v 26.000000 -0.856406 -10.000000 0.425422 0.662711 0.262711
v 28.000000 -0.369402 -10.000000 0.464312 0.682156 0.282156
v 30.000000 -0.048280 -10.000000 0.489956 0.694978 0.294978
v -30.000000 0.527169 -8.000000 0.517954 0.673069 0.308977
v -28.000000 1.165133 -8.000000 0.543427 0.634860 0.321713
v -26.000000 0.859626 -8.000000 0.531228 0.653157 0.315614
v -24.000000 0.044818 -8.000000 0.497390 0.698695 0.298695
v -22.000000 -0.602319 -8.000000 0.445712 0.672856 0.272856
v -20.000000 -0.162614 -8.000000 0.480825 0.690413 0.290413
v -18.000000 -0.265284 -8.000000 0.472627 0.686313 0.286313
v -16.000000 1.825494 -8.000000 0.569793 0.595310 0.334897
v -14.000000 2.440348 -8.000000 0.594343 0.558485 0.347172
v -12.000000 3.500213 -8.000000 0.673323 0.641653 0.533306
v -10.000000 3.362424 -8.000000 0.662319 0.627899 0.505798
v -8.000000 3.874465 -8.000000 0.703209 0.679011 0.608021
v -6.000000 4.246269 -8.000000 0.732899 0.716124 0.682248
v -4.000000 5.219638 -8.000000 0.821256 0.821256 0.865942
v -2.000000 4.744440 -8.000000 0.772681 0.765851 0.781702
v 0.000000 3.144354 -8.000000 0.644905 0.606131 0.462263
v 2.000000 2.737941 -8.000000 0.612451 0.565564 0.381127
v 4.000000 2.408421 -8.000000 0.593068 0.560397 0.346534
v 6.000000 1.068042 -8.000000 0.539550 0.640675 0.319775
v 8.000000 -0.664339 -8.000000 0.440760 0.670380 0.270380
v 10.000000 -2.148311 -8.000000 0.322256 0.611128 0.211128
v 12.000000 -2.894175 -8.000000 0.281347 0.568912 0.187565
v 14.000000 -4.450755 -8.000000 0.219197 0.465328 0.146131
v 16.000000 -5.827913 -8.000000 0.164210 0.373683 0.109473
v 18.000000 -4.962446 -8.000000 0.198766 0.431277 0.132511
v 20.000000 -3.964847 -8.000000 0.238598 0.497663 0.159065
v 22.000000 -2.899733 -8.000000 0.281126 0.568543 0.187417
v 24.000000 -1.707248 -8.000000 0.357478 0.628739 0.228739
v 26.000000 -0.602397 -8.000000 0.445706 0.672853 0.272853
v 28.000000 0.402794 -8.000000 0.512988 0.680518 0.306494
v 30.000000 0.527169 -8.000000 0.517954 0.673069 0.308977
v -30.000000 0.816790 -6.000000 0.529518 0.655723 0.314759
v -28.000000 0.699300 -6.000000 0.524827 0.662759 0.312414
v -26.000000 0.026440 -6.000000 0.495922 0.697961 0.297961
v -24.000000 -1.051099 -6.000000 0.409875 0.654937 0.254937
v -22.000000 -2.428806 -6.000000 0.299929 0.599881 0.199952
v -20.000000 -1.525318 -6.000000 0.372006 0.636003 0.236003
v -18.000000 -1.364172 -6.000000 0.384874 0.642437 0.242437
v -16.000000 -0.456179 -6.000000 0.457383 0.678691 0.278691
v -14.000000 0.008010 -6.000000 0.494451 0.697225 0.297225
v -12.000000 0.956420 -6.000000 0.535093 0.647360 0.317547
v -10.000000 0.910406 -6.000000 0.533256 0.650116 0.316628
v -8.000000 2.517971 -6.000000 0.597443 0.553836 0.348721
v -6.000000 3.386635 -6.000000 0.664253 0.630316 0.510632
v -4.000000 4.668278 -6.000000 0.766599 0.758249 0.766497
v -2.000000 4.418911 -6.000000 0.746686 0.733357 0.716714
v 0.000000 3.329288 -6.000000 0.659673 0.624591 0.499183
v 2.000000 2.535037 -6.000000 0.598124 0.552814 0.349062
v 4.000000 1.761660 -6.000000 0.567245 0.599133 0.333622
v 6.000000 0.366757 -6.000000 0.511549 0.682676 0.305775
v 8.000000 -1.041817 -6.000000 0.410616 0.655308 0.255308
v 10.000000 -2.917521 -6.000000 0.280415 0.567359 0.186944
v 12.000000 -3.243596 -6.000000 0.267396 0.545660 0.178264
v 14.000000 -3.558039 -6.000000 0.254841 0.524735 0.169894
v 16.000000 -4.617032 -6.000000 0.212558 0.454263 0.141705
v 18.000000 -4.575111 -6.000000 0.214231 0.457052 0.142821
v 20.000000 -2.636097 -6.000000 0.291652 0.586087 0.194435
v 22.000000 -2.531658 -6.000000 0.295822 0.593037 0.197215
v 24.000000 -2.518074 -6.000000 0.296364 0.593941 0.197576
v 26.000000 -1.477424 -6.000000 0.375830 0.637915 0.237915
v 28.000000 -0.307579 -6.000000 0.469249 0.684625 0.284625
v 30.000000 0.816790 -6.000000 0.529518 0.655723 0.314759
v -30.000000 1.508790 -4.000000 0.557148 0.614278 0.328574
v -28.000000 0.394388 -4.000000 0.512653 0.681021 0.306326
v -26.000000 -0.377824 -4.000000 0.463640 0.681820 0.281820
v -24.000000 -2.634374 -4.000000 0.291721 0.586201 0.194481
v -22.000000 -3.602759 -4.000000 0.253055 0.521759 0.168704
v -20.000000 -2.690865 -4.000000 0.289465 0.582442 0.192977
v -18.000000 -1.694262 -4.000000 0.358515 0.629257 0.229257
v -16.000000 -1.837664 -4.000000 0.347063 0.623532 0.223532
v -14.000000 -0.724141 -4.000000 0.435984 0.667992 0.267992
v -12.000000 -1.172083 -4.000000 0.400214 0.650107 0.250107
v -10.000000 -0.780022 -4.000000 0.431522 0.665761 0.265761
v -8.000000 0.804355 -4.000000 0.529022 0.656468 0.314511
v -6.000000 2.297719 -4.000000 0.588648 0.567028 0.344324
v -4.000000 2.982600 -4.000000 0.631988 0.589985 0.429971
v -2.000000 4.016247 -4.000000 0.714531 0.693163 0.636327
v 0.000000 3.145019 -4.000000 0.644958 0.606198 0.462396
v 2.000000 2.297758 -4.000000 0.588650 0.567025 0.344325
v 4.000000 0.667472 -4.000000 0.523556 0.664666 0.311778
v 6.000000 -0.967938 -4.000000 0.416516 0.658258 0.258258
v 8.000000 -2.951851 -4.000000 0.279045 0.565074 0.186030
v 10.000000 -3.244678 -4.000000 0.267353 0.545588 0.178235
v 12.000000 -2.889055 -4.000000 0.281552 0.569253 0.187701
v 14.000000 -3.261456 -4.000000 0.266683 0.544471 0.177789
v 16.000000 -2.816436 -4.000000 0.284451 0.574086 0.189634
v 18.000000 -2.848454 -4.000000 0.283173 0.571955 0.188782
v 20.000000 -1.443923 -4.000000 0.378506 0.639253 0.239253
v 22.000000 -2.468252 -4.000000 0.298354 0.597256 0.198902
v 24.000000 -3.116164 -4.000000 0.272484 0.554140 0.181656
v 26.000000 -2.575079 -4.000000 0.294088 0.590147 0.196059
v 28.000000 -0.629754 -4.000000 0.443522 0.671761 0.271761
v 30.000000 1.508790 -4.000000 0.557148 0.614278 0.328574
v -30.000000 2.070085 -2.000000 0.579559 0.580661 0.339780
v -28.000000 1.777609 -2.000000 0.567882 0.598178 0.333941
v -26.000000 0.078314 -2.000000 0.500032 0.699951 0.300016
v -24.000000 -2.697586 -2.000000 0.289197 0.581995 0.192798
v -22.000000 -3.725692 -2.000000 0.248147 0.513578 0.165431
v -20.000000 -3.383287 -2.000000 0.261818 0.536364 0.174546
v -18.000000 -2.243104 -2.000000 0.314687 0.607343 0.207343
v -16.000000 -0.931433 -2.000000 0.419431 0.659715 0.259715
v -14.000000 -1.042641 -2.000000 0.410550 0.655275 0.255275
v -12.000000 -2.974480 -2.000000 0.278141 0.563568 0.185427
v -10.000000 -2.673442 -2.000000 0.290161 0.583601 0.193441
v -8.000000 -1.249932 -2.000000 0.393997 0.646998 0.246998
v -6.000000 -0.627944 -2.000000 0.443666 0.671833 0.271833
v -4.000000 0.680513 -2.000000 0.524077 0.663885 0.312038
v -2.000000 2.369942 -2.000000 0.591532 0.562702 0.345766
v 0.000000 2.257985 -2.000000 0.587062 0.569407 0.343531
v 2.000000 1.227091 -2.000000 0.545901 0.631149 0.322950
v 4.000000 -0.760672 -2.000000 0.433067 0.666534 0.266534
v 6.000000 -1.633438 -2.000000 0.363372 0.631686 0.231686
v 8.000000 -2.404505 -2.000000 0.301798 0.600899 0.200899
v 10.000000 -2.499298 -2.000000 0.297114 0.595190 0.198076
v 12.000000 -3.866195 -2.000000 0.242537 0.504228 0.161691
v 14.000000 -3.551510 -2.000000 0.255102 0.525169 0.170068
v 16.000000 -2.243959 -2.000000 0.314618 0.607309 0.207309
v 18.000000 -1.811803 -2.000000 0.349128 0.624564 0.224564
v 20.000000 -1.155934 -2.000000 0.401503 0.650752 0.250752
v 22.000000 -3.112856 -2.000000 0.272616 0.554360 0.181744
v 24.000000 -2.919068 -2.000000 0.280354 0.567256 0.186902
v 26.000000 -1.711806 -2.000000 0.357114 0.628557 0.228557
v 28.000000 1.200394 -2.000000 0.544835 0.632748 0.322417
v 30.000000 2.070085 -2.000000 0.579559 0.580661 0.339780
v -30.000000 2.620800 0.000000 0.603096 0.553871 0.357741
v -28.000000 2.509074 0.000000 0.597087 0.554369 0.348544
v -26.000000 1.425678 0.000000 0.553830 0.619255 0.326915
v -24.000000 -1.451251 0.000000 0.377920 0.638960 0.238960
v -22.000000 -2.952636 0.000000 0.279013 0.565022 0.186009
v -20.000000 -2.691584 0.000000 0.289436 0.582394 0.192958
v -18.000000 -1.708240 0.000000 0.357399 0.628699 0.228699
v -16.000000 -0.717207 0.000000 0.436538 0.668269 0.268269
v -14.000000 -1.043616 0.000000 0.410472 0.655236 0.255236
v -12.000000 -2.819385 0.000000 0.284334 0.573889 0.189556
v -10.000000 -3.123456 0.000000 0.272193 0.553655 0.181462
v -8.000000 -1.567810 0.000000 0.368613 0.634306 0.234306
v -6.000000 -1.965223 0.000000 0.336877 0.618438 0.218438
v -4.000000 -1.316761 0.000000 0.388660 0.644330 0.244330
v -2.000000 -0.780276 0.000000 0.431502 0.665751 0.265751
v 0.000000 0.000000 0.000000 0.493811 0.696905 0.296905
v 2.000000 -0.780276 0.000000 0.431502 0.665751 0.265751
v 4.000000 -1.201136 0.000000 0.397894 0.648947 0.248947
v 6.000000 -1.872312 0.000000 0.344296 0.622148 0.222148
v 8.000000 -1.904296 0.000000 0.341742 0.620871 0.220871
v 10.000000 -2.266581 0.000000 0.312812 0.606406 0.206406
v 12.000000 -2.602439 0.000000 0.292996 0.588326 0.195331
v 14.000000 -1.657958 0.000000 0.361414 0.630707 0.230707
v 16.000000 -1.404879 0.000000 0.381624 0.640812 0.240812
v 18.000000 -1.252045 0.000000 0.393828 0.646914 0.246914
v 20.000000 -0.437099 0.000000 0.458906 0.679453 0.279453
v 22.000000 -1.421151 0.000000 0.380324 0.640162 0.240162
v 24.000000 -0.564104 0.000000 0.448764 0.674382 0.274382
v 26.000000 0.580320 0.000000 0.520076 0.669885 0.310038
v 28.000000 2.178085 0.000000 0.583872 0.574193 0.341936
v 30.000000 2.620800 0.000000 0.603096 0.553871 0.357741
v -30.000000 2.514226 2.000000 0.597293 0.554061 0.348646
v -28.000000 2.784957 2.000000 0.616205 0.570257 0.390513
v -26.000000 1.491001 2.000000 0.556438 0.615343 0.328219
v -24.000000 -0.286211 2.000000 0.470955 0.685478 0.285478
v -22.000000 -1.846798 2.000000 0.346334 0.623167 0.223167
v -20.000000 -2.554331 2.000000 0.294917 0.591528 0.196611
v -18.000000 -1.877322 2.000000 0.343896 0.621948 0.221948
v -16.000000 -1.586265 2.000000 0.367139 0.633569 0.233569
v -14.000000 -1.645470 2.000000 0.362411 0.631205 0.231205
v -12.000000 -2.515856 2.000000 0.296453 0.594088 0.197635
v -10.000000 -3.473716 2.000000 0.258208 0.530346 0.172138
v -8.000000 -3.240122 2.000000 0.267535 0.545891 0.178356
v -6.000000 -2.885829 2.000000 0.281681 0.569468 0.187787
v -4.000000 -2.981561 2.000000 0.277858 0.563097 0.185239
v -2.000000 -2.852807 2.000000 0.282999 0.571665 0.188666
v 0.000000 -1.477709 2.000000 0.375808 0.637904 0.237904
v 2.000000 -1.115134 2.000000 0.404761 0.652381 0.252381
v 4.000000 -1.030440 2.000000 0.411525 0.655762 0.255762
v 6.000000 -1.416189 2.000000 0.380720 0.640360 0.240360
v 8.000000 -1.162249 2.000000 0.400999 0.650499 0.250499
v 10.000000 -1.019547 2.000000 0.412394 0.656197 0.256197
v 12.000000 -1.221803 2.000000 0.396243 0.648122 0.248122
v 14.000000 -0.376957 2.000000 0.463709 0.681854 0.281854
v 16.000000 -0.944987 2.000000 0.418349 0.659174 0.259174
v 18.000000 -0.154999 2.000000 0.481433 0.690717 0.290717
v 20.000000 0.896329 2.000000 0.532694 0.650959 0.316347
v 22.000000 0.360918 2.000000 0.511316 0.683026 0.305658
v 24.000000 1.337905 2.000000 0.550325 0.624512 0.325163
v 26.000000 2.159840 2.000000 0.583143 0.575285 0.341572
v 28.000000 2.660205 2.000000 0.606243 0.557804 0.365608
v 30.000000 2.514226 2.000000 0.597293 0.554061 0.348646
v -30.000000 2.758630 4.000000 0.614103 0.567629 0.385257
v -28.000000 3.261140 4.000000 0.654231 0.617789 0.485578
v -26.000000 1.471776 4.000000 0.555670 0.616495 0.327835
v -24.000000 0.421576 4.000000 0.513738 0.679393 0.306869
v -22.000000 -1.434434 4.000000 0.379263 0.639632 0.239632
v -20.000000 -2.603558 4.000000 0.292951 0.588252 0.195301
v -18.000000 -2.647042 4.000000 0.291215 0.585358 0.194143
v -16.000000 -2.601048 4.000000 0.293051 0.588419 0.195368
v -14.000000 -2.694265 4.000000 0.289329 0.582216 0.192886
v -12.000000 -2.898025 4.000000 0.281194 0.568656 0.187463
v -10.000000 -3.007101 4.000000 0.276839 0.561398 0.184559
v -8.000000 -4.233362 4.000000 0.227877 0.479795 0.151918
v -6.000000 -4.696936 4.000000 0.209367 0.448945 0.139578
v -4.000000 -3.794119 4.000000 0.245415 0.509025 0.163610
v -2.000000 -3.155271 4.000000 0.270923 0.551538 0.180615
v 0.000000 -1.943882 4.000000 0.338581 0.619291 0.219291
v 2.000000 -1.149829 4.000000 0.401991 0.650995 0.250995
v 4.000000 -0.952460 4.000000 0.417752 0.658876 0.258876
v 6.000000 -0.213437 4.000000 0.476767 0.688383 0.288383
v 8.000000 -0.429882 4.000000 0.459483 0.679741 0.279741
v 10.000000 -0.379116 4.000000 0.463536 0.681768 0.281768
v 12.000000 -0.451395 4.000000 0.457765 0.678882 0.278882
v 14.000000 0.603780 4.000000 0.521013 0.668480 0.310507
v 16.000000 1.032508 4.000000 0.538131 0.642803 0.319066
v 18.000000 1.682313 4.000000 0.564077 0.603885 0.332038
v 20.000000 2.297318 4.000000 0.588632 0.567052 0.344316
v 22.000000 1.335157 4.000000 0.550215 0.624677 0.325108
v 24.000000 2.436331 4.000000 0.594183 0.558726 0.347091
v 26.000000 3.158441 4.000000 0.646030 0.607538 0.465075
v 28.000000 3.625281 4.000000 0.683310 0.654137 0.558275
v 30.000000 2.758631 4.000000 0.614103 0.567629 0.385258
v -30.000000 3.322207 6.000000 0.659108 0.623885 0.497769
v -28.000000 2.624399 6.000000 0.603384 0.554230 0.358460
v -26.000000 1.117425 6.000000 0.541522 0.637717 0.320761
v -24.000000 -0.095118 6.000000 0.486215 0.693108 0.293108
v -22.000000 -0.112534 6.000000 0.484825 0.692412 0.292412
v -20.000000 -1.122427 6.000000 0.404179 0.652089 0.252089
v -18.000000 -2.363728 6.000000 0.305054 0.602527 0.202527
v -16.000000 -3.650215 6.000000 0.251160 0.518601 0.167440
v -14.000000 -4.216172 6.000000 0.228563 0.480938 0.152375
v -12.000000 -4.653312 6.000000 0.211109 0.451848 0.140739
v -10.000000 -4.349240 6.000000 0.223250 0.472083 0.148833
v -8.000000 -4.349301 6.000000 0.223248 0.472079 0.148832
v -6.000000 -4.501657 6.000000 0.217164 0.461940 0.144776
v -4.000000 -4.465156 6.000000 0.218622 0.464370 0.145748
v -2.000000 -2.677315 6.000000 0.290006 0.583344 0.193337
v 0.000000 -1.456976 6.000000 0.377463 0.638732 0.238732
v 2.000000 -0.455338 6.000000 0.457450 0.678725 0.278725
v 4.000000 -0.322446 6.000000 0.468062 0.684031 0.284031
v 6.000000 -0.222174 6.000000 0.476069 0.688035 0.288035
v 8.000000 0.316820 6.000000 0.509555 0.685667 0.304778
v 10.000000 1.052234 6.000000 0.538919 0.641622 0.319459
v 12.000000 1.110741 6.000000 0.541255 0.638118 0.320627
v 14.000000 1.396671 6.000000 0.552671 0.620993 0.326336
v 16.000000 1.762148 6.000000 0.567264 0.599104 0.333632
v 18.000000 3.003991 6.000000 0.633696 0.592121 0.434241
v 20.000000 2.177417 6.000000 0.583845 0.574233 0.341922
v 22.000000 1.977998 6.000000 0.575883 0.586176 0.337941
v 24.000000 2.707266 6.000000 0.610001 0.562502 0.375003
v 26.000000 2.902796 6.000000 0.625615 0.582019 0.414038
v 28.000000 3.377261 6.000000 0.663504 0.629380 0.508760
v 30.000000 3.322207 6.000000 0.659108 0.623885 0.497769
v -30.000000 3.164000 8.000000 0.646474 0.608093 0.466185
v -28.000000 2.178101 8.000000 0.583872 0.574192 0.341936
v -26.000000 0.747716 8.000000 0.526760 0.659860 0.313380
v -24.000000 0.198608 8.000000 0.504835 0.692747 0.302418
v -22.000000 0.564031 8.000000 0.519426 0.670861 0.309713
v -20.000000 0.068488 8.000000 0.499280 0.699640 0.299640
v -18.000000 -1.060498 8.000000 0.409124 0.654562 0.254562
v -16.000000 -4.019855 8.000000 0.236402 0.494003 0.157601
v -14.000000 -6.183801 8.000000 0.150000 0.350000 0.100000
v -12.000000 -5.961543 8.000000 0.158874 0.364790 0.105916
v -10.000000 -5.211673 8.000000 0.188815 0.414692 0.125877
v -8.000000 -4.726758 8.000000 0.208176 0.446961 0.138784
v -6.000000 -4.545686 8.000000 0.215406 0.459011 0.143604
v -4.000000 -3.716897 8.000000 0.248498 0.514163 0.165665
v -2.000000 -3.009363 8.000000 0.276748 0.561247 0.184499
v 0.000000 -0.926194 8.000000 0.419849 0.659925 0.259925
v 2.000000 0.399531 8.000000 0.512858 0.680713 0.306429
v 4.000000 0.593886 8.000000 0.520618 0.669073 0.310309
v 6.000000 0.185411 8.000000 0.504309 0.693537 0.302154
v 8.000000 0.563649 8.000000 0.519411 0.670884 0.309705
v 10.000000 1.357922 8.000000 0.551124 0.623313 0.325562
v 12.000000 2.186156 8.000000 0.584194 0.573709 0.342097
v 14.000000 2.348304 8.000000 0.590668 0.563998 0.345334
v 16.000000 2.333798 8.000000 0.590089 0.564867 0.345044
v 18.000000 2.725363 8.000000 0.611446 0.564308 0.378616
v 20.000000 2.795341 8.000000 0.617035 0.571293 0.392586
v 22.000000 3.007251 8.000000 0.633957 0.592446 0.434892
v 24.000000 2.888191 8.000000 0.624449 0.580561 0.411123
v 26.000000 3.175746 8.000000 0.647412 0.609265 0.468530
v 28.000000 3.381950 8.000000 0.663879 0.629848 0.509696
v 30.000000 3.164001 8.000000 0.646474 0.608093 0.466185
v -30.000000 2.772383 10.000000 0.615201 0.569002 0.388003
v -28.000000 2.096353 10.000000 0.580608 0.579088 0.340304
v -26.000000 0.811338 10.000000 0.529300 0.656049 0.314650
v -24.000000 -0.367817 10.000000 0.464439 0.682219 0.282219
v -22.000000 -1.286373 10.000000 0.391087 0.645543 0.245543
v -20.000000 -1.467951 10.000000 0.376587 0.638293 0.238293
v -18.000000 -1.789207 10.000000 0.350933 0.625466 0.225466
v -16.000000 -3.464513 10.000000 0.258575 0.530959 0.172383
v -14.000000 -6.141719 10.000000 0.151680 0.352800 0.101120
v -12.000000 -5.483705 10.000000 0.177953 0.396589 0.118636
v -10.000000 -5.547820 10.000000 0.175393 0.392322 0.116929
v -8.000000 -5.437320 10.000000 0.179805 0.399676 0.119870
v -6.000000 -4.320131 10.000000 0.224412 0.474020 0.149608
v -4.000000 -2.635357 10.000000 0.291682 0.586136 0.194454
v -2.000000 -2.625356 10.000000 0.292081 0.586801 0.194721
v 0.000000 -1.354752 10.000000 0.385626 0.642813 0.242813
v 2.000000 -0.066309 10.000000 0.488516 0.694258 0.294258
v 4.000000 0.400514 10.000000 0.512897 0.680654 0.306449
v 6.000000 0.534967 10.000000 0.518266 0.672602 0.309133
v 8.000000 1.349175 10.000000 0.550775 0.623837 0.325388
v 10.000000 2.158154 10.000000 0.583076 0.575386 0.341538
v 12.000000 2.789826 10.000000 0.616594 0.570743 0.391485
v 14.000000 3.388298 10.000000 0.664385 0.630482 0.510964
v 16.000000 3.926250 10.000000 0.707344 0.684180 0.618360
v 18.000000 4.129954 10.000000 0.723611 0.704514 0.659027
v 20.000000 4.606429 10.000000 0.761660 0.752075 0.754150
v 22.000000 4.348767 10.000000 0.741084 0.726355 0.702711
v 24.000000 4.355157 10.000000 0.741595 0.726993 0.703986
v 26.000000 4.115959 10.000000 0.722493 0.703117 0.656233
v 28.000000 3.129096 10.000000 0.643687 0.604608 0.459217
v 30.000000 2.772383 10.000000 0.615201 0.569002 0.388003
v -30.000000 1.623070 12.000000 0.561711 0.607433 0.330856
v -28.000000 0.903722 12.000000 0.532989 0.650516 0.316495
v -26.000000 -1.103896 12.000000 0.405659 0.652829 0.252829
v -24.000000 -2.006180 12.000000 0.333606 0.616803 0.216803
v -22.000000 -3.093414 12.000000 0.273392 0.555654 0.182262
v -20.000000 -3.113634 12.000000 0.272585 0.554308 0.181723
v -18.000000 -2.020433 12.000000 0.332468 0.616234 0.216234
v -16.000000 -3.210648 12.000000 0.268711 0.547852 0.179141
v -14.000000 -5.195069 12.000000 0.189478 0.415796 0.126319
v -12.000000 -4.858857 12.000000 0.202902 0.438170 0.135268
v -10.000000 -4.751972 12.000000 0.207170 0.445283 0.138113
v -8.000000 -5.589640 12.000000 0.173724 0.389539 0.115816
v -6.000000 -4.231445 12.000000 0.227953 0.479922 0.151969
v -4.000000 -2.405556 12.000000 0.301714 0.600857 0.200857
v -2.000000 -1.215443 12.000000 0.396751 0.648376 0.248376
v 0.000000 -0.025025 12.000000 0.491813 0.695906 0.295906
v 2.000000 1.050982 12.000000 0.538869 0.641697 0.319434
v 4.000000 1.960401 12.000000 0.575180 0.587230 0.337590
v 6.000000 2.123054 12.000000 0.581674 0.577488 0.340837
v 8.000000 1.678861 12.000000 0.563939 0.604092 0.331969
v 10.000000 1.907625 12.000000 0.573073 0.590391 0.336536
v 12.000000 2.171619 12.000000 0.583613 0.574580 0.341807
v 14.000000 2.807260 12.000000 0.617986 0.572483 0.394966
v 16.000000 3.782805 12.000000 0.695889 0.669861 0.589723
v 18.000000 4.649009 12.000000 0.765060 0.756325 0.762651
v 20.000000 5.433480 12.000000 0.855409 0.855409 0.891557
v 22.000000 5.226536 12.000000 0.822358 0.822358 0.866769
v 24.000000 4.879673 12.000000 0.783480 0.779350 0.808700
v 26.000000 3.722839 12.000000 0.691100 0.663876 0.577751
v 28.000000 2.451381 12.000000 0.594784 0.557824 0.347392
v 30.000000 1.623070 12.000000 0.561711 0.607433 0.330856
v -30.000000 1.217261 14.000000 0.545508 0.631738 0.322754
v -28.000000 -0.043720 14.000000 0.490320 0.695160 0.295160
v -26.000000 -2.056823 14.000000 0.329562 0.614781 0.214781
v -24.000000 -3.538827 14.000000 0.255608 0.526013 0.170405
v -22.000000 -4.039822 14.000000 0.235604 0.492674 0.157070
v -20.000000 -3.270628 14.000000 0.266317 0.543861 0.177544
v -18.000000 -2.217195 14.000000 0.316756 0.608378 0.208378
v -16.000000 -3.489812 14.000000 0.257565 0.529275 0.171710
v -14.000000 -4.370434 14.000000 0.222404 0.470673 0.148269
v -12.000000 -4.089832 14.000000 0.233608 0.489346 0.155738
v -10.000000 -4.198582 14.000000 0.229265 0.482109 0.152844
v -8.000000 -4.508188 14.000000 0.216904 0.461506 0.144602
v -6.000000 -3.656218 14.000000 0.250921 0.518201 0.167281
v -4.000000 -2.129044 14.000000 0.323795 0.611897 0.211897
v -2.000000 -0.464534 14.000000 0.456715 0.678358 0.278358
v 0.000000 0.241346 14.000000 0.506542 0.690187 0.303271
v 2.000000 1.025676 14.000000 0.537858 0.643212 0.318929
v 4.000000 2.390848 14.000000 0.592367 0.561450 0.346183
v 6.000000 2.905935 14.000000 0.625866 0.582333 0.414665
v 8.000000 2.916070 14.000000 0.626675 0.583344 0.416689
v 10.000000 2.775566 14.000000 0.615455 0.569319 0.388639
v 12.000000 2.510705 14.000000 0.597152 0.554271 0.348576
v 14.000000 2.649021 14.000000 0.605350 0.556688 0.363375
v 16.000000 2.342777 14.000000 0.590447 0.564329 0.345224
v 18.000000 3.274945 14.000000 0.655334 0.619167 0.488334
v 20.000000 4.292554 14.000000 0.736595 0.720744 0.691488
v 22.000000 4.304055 14.000000 0.737514 0.721892 0.693784
v 24.000000 4.450968 14.000000 0.749246 0.736557 0.723114
v 26.000000 3.199448 14.000000 0.649305 0.611631 0.473262
v 28.000000 1.883618 14.000000 0.572114 0.591829 0.336057
v 30.000000 1.217260 14.000000 0.545508 0.631738 0.322754
v -30.000000 0.213644 16.000000 0.505436 0.691846 0.302718
v -28.000000 -0.809914 16.000000 0.429135 0.664567 0.264567
v -26.000000 -2.641933 16.000000 0.291419 0.585698 0.194279
v -24.000000 -4.356448 16.000000 0.222962 0.471604 0.148641
v -22.000000 -3.940353 16.000000 0.239576 0.499293 0.159717
v -20.000000 -3.360935 16.000000 0.262711 0.537851 0.175141
v -18.000000 -2.797664 16.000000 0.285201 0.575335 0.190134
v -16.000000 -3.692766 16.000000 0.249462 0.515769 0.166308
v -14.000000 -4.353032 16.000000 0.223099 0.471831 0.148732
v -12.000000 -4.744120 16.000000 0.207483 0.445805 0.138322
v -10.000000 -4.009513 16.000000 0.236814 0.494691 0.157876
v -8.000000 -3.815940 16.000000 0.244543 0.507572 0.163029
v -6.000000 -4.142720 16.000000 0.231496 0.485826 0.154331
v -4.000000 -3.509900 16.000000 0.256763 0.527938 0.171175
v -2.000000 -0.772769 16.000000 0.432101 0.666051 0.266051
v 0.000000 0.549755 16.000000 0.518856 0.671716 0.309428
v 2.000000 1.715784 16.000000 0.565413 0.601881 0.332706
v 4.000000 3.485853 16.000000 0.672176 0.640220 0.530439
v 6.000000 3.486279 16.000000 0.672210 0.640262 0.530524
v 8.000000 2.886974 16.000000 0.624352 0.580440 0.410880
v 10.000000 2.293958 16.000000 0.588498 0.567253 0.344249
v 12.000000 1.864521 16.000000 0.571352 0.592972 0.335676
v 14.000000 2.924571 16.000000 0.627354 0.584193 0.418386
v 16.000000 2.738264 16.000000 0.612477 0.565596 0.381192
v 18.000000 3.372006 16.000000 0.663085 0.628856 0.507711
v 20.000000 4.333692 16.000000 0.739880 0.724851 0.699701
v 22.000000 4.536545 16.000000 0.756079 0.745099 0.740199
v 24.000000 5.214634 16.000000 0.820457 0.820457 0.865343
v 26.000000 3.784505 16.000000 0.696025 0.670031 0.590062
v 28.000000 1.391523 16.000000 0.552466 0.621301 0.326233
v 30.000000 0.213644 16.000000 0.505436 0.691846 0.302718
v -30.000000 0.904105 18.000000 0.533004 0.650493 0.316502
v -28.000000 -0.629796 18.000000 0.443518 0.671759 0.271759
v -26.000000 -2.721498 18.000000 0.288242 0.580403 0.192161
v -24.000000 -2.822787 18.000000 0.284198 0.573663 0.189465
v -22.000000 -3.597149 18.000000 0.253279 0.522132 0.168853
v -20.000000 -4.282530 18.000000 0.225914 0.476523 0.150609
v -18.000000 -3.465083 18.000000 0.258552 0.530921 0.172368
v -16.000000 -4.199101 18.000000 0.229245 0.482074 0.152830
v -14.000000 -5.614667 18.000000 0.172724 0.387874 0.115149
v -12.000000 -4.180963 18.000000 0.229969 0.483281 0.153313
v -10.000000 -3.672891 18.000000 0.250255 0.517092 0.166837
v -8.000000 -3.475055 18.000000 0.258154 0.530257 0.172103
v -6.000000 -4.025221 18.000000 0.236187 0.493645 0.157458
v -4.000000 -3.676445 18.000000 0.250113 0.516855 0.166742
v -2.000000 -2.787933 18.000000 0.285589 0.575983 0.190393
v 0.000000 -0.890813 18.000000 0.422675 0.661337 0.261337
v 2.000000 0.541138 18.000000 0.518512 0.672232 0.309256
v 4.000000 2.048117 18.000000 0.578682 0.581977 0.339341
v 6.000000 2.198208 18.000000 0.584675 0.572987 0.342338
v 8.000000 2.526011 18.000000 0.597764 0.553355 0.348882
v 10.000000 2.097629 18.000000 0.580659 0.579011 0.340330
v 12.000000 1.673914 18.000000 0.563741 0.604388 0.331871
v 14.000000 2.629080 18.000000 0.603758 0.554697 0.359394
v 16.000000 2.773577 18.000000 0.615297 0.569121 0.388241
v 18.000000 3.731001 18.000000 0.691752 0.664690 0.579381
v 20.000000 4.056417 18.000000 0.717739 0.697173 0.644346
v 22.000000 4.387589 18.000000 0.744184 0.730231 0.710461
v 24.000000 5.593497 18.000000 0.880966 0.880966 0.910724
v 26.000000 3.933124 18.000000 0.707893 0.684866 0.619732
v 28.000000 1.543997 18.000000 0.558554 0.612169 0.329277
v 30.000000 0.904105 18.000000 0.533004 0.650493 0.316502
v -30.000000 1.194025 20.000000 0.544580 0.633130 0.322290
v -28.000000 -0.590285 20.000000 0.446673 0.673337 0.273337
v -26.000000 -2.796001 20.000000 0.285267 0.575446 0.190178
v -24.000000 -2.461505 20.000000 0.298623 0.597705 0.199082
v -22.000000 -2.763991 20.000000 0.286545 0.577576 0.191030
v -20.000000 -3.489202 20.000000 0.257589 0.529316 0.171726
v -18.000000 -3.398620 20.000000 0.261206 0.535343 0.174137
v -16.000000 -4.665450 20.000000 0.210624 0.451041 0.140416
v -14.000000 -5.951941 20.000000 0.159258 0.365429 0.106172
v -12.000000 -4.770398 20.000000 0.206434 0.444057 0.137623
v -10.000000 -2.328178 20.000000 0.307893 0.603946 0.203946
v -8.000000 -1.568350 20.000000 0.368569 0.634285 0.234285
v -6.000000 -2.003092 20.000000 0.333853 0.616926 0.216926
v -4.000000 -2.703038 20.000000 0.288979 0.581632 0.192653
v -2.000000 -2.513800 20.000000 0.296535 0.594225 0.197690
v 0.000000 -1.072064 20.000000 0.408201 0.654100 0.254100
v 2.000000 0.054365 20.000000 0.498152 0.699076 0.299076
v 4.000000 0.893026 20.000000 0.532562 0.651157 0.316281
v 6.000000 0.570943 20.000000 0.519702 0.670447 0.309851
v 8.000000 1.109131 20.000000 0.541191 0.638214 0.320595
v 10.000000 1.181266 20.000000 0.544071 0.633894 0.322035
v 12.000000 1.365563 20.000000 0.551429 0.622856 0.325715
v 14.000000 1.829227 20.000000 0.569942 0.595086 0.334971
v 16.000000 2.572677 20.000000 0.599627 0.550560 0.349813
v 18.000000 2.853085 20.000000 0.621646 0.577057 0.404114
v 20.000000 3.303807 20.000000 0.657638 0.622048 0.494096
v 22.000000 3.546491 20.000000 0.677018 0.646273 0.542545
v 24.000000 4.161833 20.000000 0.726157 0.707696 0.665391
v 26.000000 2.906316 20.000000 0.625897 0.582371 0.414741
v 28.000000 1.469995 20.000000 0.555599 0.616601 0.327800
v 30.000000 1.194025 20.000000 0.544580 0.633130 0.322290
v -30.000000 1.915597 22.000000 0.573391 0.589913 0.336696
v -28.000000 -0.291456 22.000000 0.470537 0.685268 0.285268
v -26.000000 -2.084504 22.000000 0.327352 0.613676 0.213676
v -24.000000 -1.723730 22.000000 0.356162 0.628081 0.228081
v -22.000000 -1.936711 22.000000 0.339154 0.619577 0.219577
v -20.000000 -2.475817 22.000000 0.298052 0.596753 0.198701
v -18.000000 -3.881819 22.000000 0.241913 0.503188 0.161275
v -16.000000 -5.341300 22.000000 0.183639 0.406065 0.122426
v -14.000000 -5.435639 22.000000 0.179872 0.399787 0.119915
v -12.000000 -4.550998 22.000000 0.215194 0.458657 0.143463
v -10.000000 -3.096138 22.000000 0.273284 0.555473 0.182189
v -8.000000 -2.099854 22.000000 0.326126 0.613063 0.213063
v -6.000000 -2.248199 22.000000 0.314280 0.607140 0.207140
v -4.000000 -2.408447 22.000000 0.301483 0.600742 0.200742
v -2.000000 -1.001645 22.000000 0.413824 0.656912 0.256912
v 0.000000 -0.273228 22.000000 0.471992 0.685996 0.285996
v 2.000000 0.899379 22.000000 0.532816 0.650776 0.316408
v 4.000000 1.120928 22.000000 0.541662 0.637507 0.320831
v 6.000000 1.849714 22.000000 0.570760 0.593859 0.335380
v 8.000000 1.907636 22.000000 0.573073 0.590390 0.336537
v 10.000000 2.411055 22.000000 0.593174 0.560240 0.346587
v 12.000000 1.617119 22.000000 0.561473 0.607790 0.330737
v 14.000000 0.756946 22.000000 0.527129 0.659307 0.313564
v 16.000000 1.523033 22.000000 0.557717 0.613425 0.328858
v 18.000000 1.751758 22.000000 0.566849 0.599726 0.333425
v 20.000000 2.418087 22.000000 0.593454 0.559818 0.346727
v 22.000000 1.535347 22.000000 0.558208 0.612687 0.329104
v 24.000000 1.990509 22.000000 0.576382 0.585427 0.338191
v 26.000000 1.271857 22.000000 0.547688 0.628468 0.323844
v 28.000000 0.939068 22.000000 0.534400 0.648399 0.317200
v 30.000000 1.915597 22.000000 0.573391 0.589913 0.336696
v -30.000000 1.847952 24.000000 0.570690 0.593965 0.335345
v -28.000000 -0.276982 24.000000 0.471692 0.685846 0.285846
v -26.000000 -0.797932 24.000000 0.430092 0.665046 0.265046
v -24.000000 -1.058041 24.000000 0.409320 0.654660 0.254660
v -22.000000 -0.793100 24.000000 0.430478 0.665239 0.265239
v -20.000000 -1.878511 24.000000 0.343801 0.621901 0.221901
v -18.000000 -3.959569 24.000000 0.238809 0.498014 0.159206
v -16.000000 -5.382011 24.000000 0.182014 0.403356 0.121342
v -14.000000 -5.275885 24.000000 0.186251 0.410418 0.124167
v -12.000000 -4.143434 24.000000 0.231467 0.485779 0.154312
v -10.000000 -2.960883 24.000000 0.278684 0.564473 0.185789
v -8.000000 -2.541403 24.000000 0.295433 0.592388 0.196955
v -6.000000 -2.417720 24.000000 0.300743 0.600371 0.200371
v -4.000000 -1.795259 24.000000 0.350450 0.625225 0.225225
v -2.000000 -0.179834 24.000000 0.479450 0.689725 0.289725
v 0.000000 0.124817 24.000000 0.501889 0.697166 0.300945
v 2.000000 0.621232 24.000000 0.521710 0.667435 0.310855
v 4.000000 1.840038 24.000000 0.570374 0.594439 0.335187
v 6.000000 2.390127 24.000000 0.592338 0.561493 0.346169
v 8.000000 3.260118 24.000000 0.654150 0.617687 0.485374
v 10.000000 3.540069 24.000000 0.676505 0.645632 0.541263
v 12.000000 2.228846 24.000000 0.585898 0.571152 0.342949
v 14.000000 0.614361 24.000000 0.521436 0.667847 0.310718
v 16.000000 0.910039 24.000000 0.533241 0.650138 0.316621
v 18.000000 1.127736 24.000000 0.541933 0.637100 0.320967
v 20.000000 0.254684 24.000000 0.507074 0.689388 0.303537
v 22.000000 0.326535 24.000000 0.509943 0.685085 0.304972
v 24.000000 0.889236 24.000000 0.532411 0.651384 0.316205
v 26.000000 0.346285 24.000000 0.510732 0.683902 0.305366
v 28.000000 -0.005972 24.000000 0.493334 0.696667 0.296667
v 30.000000 1.847952 24.000000 0.570690 0.593965 0.335345
v -30.000000 0.989495 26.000000 0.536414 0.645379 0.318207
v -28.000000 0.252252 26.000000 0.506977 0.689534 0.303489
v -26.000000 0.797018 26.000000 0.528729 0.656907 0.314364
v -24.000000 0.711183 26.000000 0.525301 0.662048 0.312651
v -22.000000 -0.298102 26.000000 0.470006 0.685003 0.285003
v -20.000000 -1.332523 26.000000 0.387402 0.643701 0.243701
v -18.000000 -3.019922 26.000000 0.276327 0.560544 0.184218
v -16.000000 -4.442775 26.000000 0.219515 0.465859 0.146344
v -14.000000 -4.068375 26.000000 0.234464 0.490774 0.156310
v -12.000000 -3.051068 26.000000 0.275083 0.558472 0.183389
v -10.000000 -2.131079 26.000000 0.323632 0.611816 0.211816
v -8.000000 -1.414914 26.000000 0.380822 0.640411 0.240411
v -6.000000 -0.625350 26.000000 0.443873 0.671937 0.271937
v -4.000000 -1.117217 26.000000 0.404595 0.652297 0.252297
v -2.000000 -0.517267 26.000000 0.452504 0.676252 0.276252
v 0.000000 -0.154965 26.000000 0.481436 0.690718 0.290718
v 2.000000 0.073801 26.000000 0.499704 0.699852 0.299852
v 4.000000 1.024814 26.000000 0.537824 0.643264 0.318912
v 6.000000 1.306648 26.000000 0.549077 0.626384 0.324539
v 8.000000 2.029220 26.000000 0.577928 0.583108 0.338964
v 10.000000 2.509485 26.000000 0.597104 0.554344 0.348552
v 12.000000 2.590603 26.000000 0.600685 0.550856 0.351713
v 14.000000 1.189994 26.000000 0.544419 0.633371 0.322210
v 16.000000 1.061782 26.000000 0.539300 0.641050 0.319650
v 18.000000 1.245739 26.000000 0.546645 0.630032 0.323323
v 20.000000 0.014881 26.000000 0.494999 0.697500 0.297500
v 22.000000 -0.289617 26.000000 0.470683 0.685342 0.285342
v 24.000000 -0.655367 26.000000 0.441476 0.670738 0.270738
v 26.000000 -0.331695 26.000000 0.467323 0.683662 0.283662
v 28.000000 0.158393 26.000000 0.503230 0.695155 0.301615
v 30.000000 0.989495 26.000000 0.536414 0.645379 0.318207
v -30.000000 0.147746 28.000000 0.502805 0.695793 0.301402
v -28.000000 0.435642 28.000000 0.514300 0.678550 0.307150
v -26.000000 0.494982 28.000000 0.516669 0.674996 0.308334
v -24.000000 0.095493 28.000000 0.500718 0.698923 0.300359
v -22.000000 -0.524066 28.000000 0.451961 0.675981 0.275981
v -20.000000 -0.886838 28.000000 0.422992 0.661496 0.261496
v -18.000000 -1.462501 28.000000 0.377022 0.638511 0.238511
v -16.000000 -1.776889 28.000000 0.351917 0.625958 0.225958
v -14.000000 -1.750203 28.000000 0.354048 0.627024 0.227024
v -12.000000 -1.572463 28.000000 0.368241 0.634121 0.234121
v -10.000000 -1.396152 28.000000 0.382320 0.641160 0.241160
v -8.000000 -1.444823 28.000000 0.378434 0.639217 0.239217
v -6.000000 -1.232605 28.000000 0.395381 0.647690 0.247690
v -4.000000 -1.041032 28.000000 0.410679 0.655339 0.255339
v -2.000000 -0.876926 28.000000 0.423784 0.661892 0.261892
v 0.000000 -0.858012 28.000000 0.425294 0.662647 0.262647
v 2.000000 -0.629205 28.000000 0.443565 0.671783 0.271783
v 4.000000 0.146396 28.000000 0.502751 0.695874 0.301375
v 6.000000 1.020703 28.000000 0.537660 0.643510 0.318830
v 8.000000 1.615400 28.000000 0.561405 0.607893 0.330702
v 10.000000 2.348797 28.000000 0.590688 0.563968 0.345344
v 12.000000 1.977444 28.000000 0.575860 0.586209 0.337930
v 14.000000 1.600076 28.000000 0.560793 0.608811 0.330396
v 16.000000 0.970321 28.000000 0.535648 0.646528 0.317824
v 18.000000 0.771557 28.000000 0.527712 0.658432 0.313856
v 20.000000 0.196522 28.000000 0.504752 0.692872 0.302376
v 22.000000 -0.619854 28.000000 0.444312 0.672156 0.272156
v 24.000000 -0.937074 28.000000 0.418980 0.659490 0.259490
v 26.000000 -0.163809 28.000000 0.480730 0.690365 0.290365
v 28.000000 0.165442 28.000000 0.503511 0.694733 0.301756
v 30.000000 0.147746 28.000000 0.502805 0.695793 0.301402
v -30.000000 -0.436638 30.000000 0.458943 0.679471 0.279472
v -28.000000 -0.053019 30.000000 0.489577 0.694789 0.294789
v -26.000000 -0.920430 30.000000 0.420310 0.660155 0.260155
v -24.000000 -1.231437 30.000000 0.395474 0.647737 0.247737
v -22.000000 -1.085817 30.000000 0.407102 0.653551 0.253551
v -20.000000 -0.615843 30.000000 0.444632 0.672316 0.272316
v -18.000000 -0.455479 30.000000 0.457438 0.678719 0.278719
v -16.000000 0.079028 30.000000 0.500061 0.699909 0.300030
v -14.000000 -0.260577 30.000000 0.473002 0.686501 0.286501
v -12.000000 -0.823637 30.000000 0.428039 0.664019 0.264019
v -10.000000 -1.262181 30.000000 0.393019 0.646509 0.246509
v -8.000000 -1.293787 30.000000 0.390495 0.645247 0.245247
v -6.000000 -1.437124 30.000000 0.379049 0.639524 0.239524
v -4.000000 -0.714100 30.000000 0.436786 0.668393 0.268393
v -2.000000 -0.274320 30.000000 0.471905 0.685952 0.285953
v 0.000000 -0.279104 30.000000 0.471523 0.685762 0.285761
v 2.000000 -0.771911 30.000000 0.432170 0.666085 0.266085
v 4.000000 -0.036601 30.000000 0.490888 0.695444 0.295444
v 6.000000 1.067414 30.000000 0.539525 0.640713 0.319762
v 8.000000 1.846694 30.000000 0.570640 0.594040 0.335320
v 10.000000 2.612923 30.000000 0.602467 0.553084 0.356169
v 12.000000 2.115513 30.000000 0.581373 0.577940 0.340687
v 14.000000 1.231045 30.000000 0.546058 0.630912 0.323029
v 16.000000 0.706827 30.000000 0.525128 0.662309 0.312564
v 18.000000 0.862813 30.000000 0.531356 0.652966 0.315678
v 20.000000 0.138731 30.000000 0.502445 0.696333 0.301222
v 22.000000 -0.869346 30.000000 0.424389 0.662194 0.262194
v 24.000000 -1.553120 30.000000 0.369786 0.634893 0.234893
v 26.000000 -0.901887 30.000000 0.421790 0.660895 0.260895
v 28.000000 -0.159230 30.000000 0.481096 0.690548 0.290548
v 30.000000 -0.436638 30.000000 0.458943 0.679471 0.279472

vn -0.172458 0.899114 -0.402308
vn 0.084711 0.953549 -0.289083
vn 0.252400 0.910794 -0.326724
vn 0.125662 0.946044 -0.298681
vn -0.036398 0.996024 -0.081311
vn -0.118019 0.984008 0.133418
vn -0.150425 0.973795 0.170577
vn -0.067884 0.964269 0.256081
vn 0.078558 0.995088 0.060241
vn 0.136876 0.948667 -0.285123
vn 0.078702 0.877006 -0.473991
vn 0.060623 0.880721 -0.469739
vn 0.006566 0.946859 -0.321581
vn -0.123113 0.985465 0.117056
vn -0.136506 0.945914 0.294299
vn 0.111717 0.927016 0.357994
vn -0.053018 0.973066 0.224346
vn -0.467358 0.882084 -0.059192
vn -0.401368 0.914794 -0.045345
vn -0.326848 0.941272 0.084726
vn -0.096169 0.959773 0.263795
vn 0.225862 0.956509 0.184601
vn 0.253467 0.960382 -0.115848
vn 0.200391 0.972251 -0.120714
vn 0.138347 0.987534 0.075077
vn 0.368171 0.922347 0.117158
vn 0.331723 0.940537 -0.073145
vn 0.037079 0.947397 -0.317907
vn -0.295577 0.886764 -0.355364
vn -0.158619 0.937940 -0.308398
vn 0.059203 0.935599 -0.348066
vn -0.044858 0.943865 -0.327270
vn 0.165368 0.942532 -0.290321
vn 0.268686 0.931614 -0.244750
vn 0.190422 0.969553 -0.153967
vn 0.040618 0.997334 -0.060628
vn -0.133534 0.982686 -0.128438
vn -0.139168 0.974014 -0.178686
vn -0.135217 0.953568 -0.269117
vn -0.117029 0.843355 -0.524458
vn -0.034001 0.725813 -0.687051
vn 0.068107 0.712719 -0.698136
vn 0.179400 0.782923 -0.595691
vn 0.215250 0.910587 -0.352844
vn 0.055512 0.998452 -0.003424
vn -0.064769 0.994198 0.085880
vn 0.081478 0.993741 0.076417
vn -0.308621 0.945195 -0.106580
vn -0.426720 0.903434 -0.041428
vn -0.327786 0.940126 0.093381
vn -0.216697 0.953099 0.211293
vn 0.023492 0.926882 0.374618
vn 0.055210 0.975321 0.213776
vn 0.206452 0.977938 0.031859
vn 0.264623 0.952015 0.153758
vn 0.179359 0.973332 0.143022
vn 0.299011 0.954071 0.018476
vn 0.189133 0.973737 -0.126749
vn -0.099040 0.975212 -0.197868
vn -0.324455 0.911279 -0.253575
vn -0.132583 0.929266 -0.344798
vn 0.014087 0.922641 -0.385403
vn 0.063402 0.972789 -0.222851
vn 0.172445 0.958071 -0.228828
vn 0.341885 0.920038 -0.191429
vn 0.176203 0.952142 -0.249756
vn -0.111706 0.895727 -0.430342
vn -0.240135 0.776460 -0.582620
vn -0.171973 0.734635 -0.656305
vn -0.271323 0.648836 -0.710912
vn -0.254913 0.594620 -0.762526
vn -0.058958 0.606649 -0.792780
vn 0.114563 0.591340 -0.798243
vn 0.345344 0.607757 -0.715100
vn 0.465745 0.696769 -0.545522
vn 0.152555 0.847494 -0.508410
vn -0.006688 0.882230 -0.470772
vn 0.017716 0.906879 -0.421019
vn -0.191429 0.944571 -0.266722
vn -0.196564 0.973758 0.114709
vn -0.164584 0.902770 0.397389
vn 0.011462 0.810852 0.585139
vn 0.008404 0.764610 0.644438
vn -0.102809 0.787523 0.607650
vn 0.157094 0.827050 0.539731
vn 0.127706 0.939122 0.318968
vn 0.069693 0.989580 0.125994
vn 0.181970 0.983295 0.004181
vn 0.110558 0.983709 -0.141748
vn -0.175077 0.963970 -0.200274
vn -0.420802 0.865845 -0.270626
vn -0.147646 0.953884 -0.261353
vn 0.081581 0.985688 -0.147527
vn -0.137274 0.987537 -0.076984
vn 0.138874 0.987450 -0.075211
vn 0.254887 0.944232 -0.208465
vn -0.081723 0.844192 -0.529774
vn -0.256095 0.756586 -0.601658
vn -0.284330 0.799889 -0.528521
vn -0.315541 0.765494 -0.560761
vn -0.374645 0.699105 -0.609010
vn -0.312464 0.706252 -0.635275
vn -0.135871 0.726386 -0.673722
vn 0.150270 0.722959 -0.674351
vn 0.572334 0.663378 -0.482041
vn 0.584842 0.689167 -0.427795
vn 0.204560 0.840821 -0.501173
vn 0.058820 0.859807 -0.507220
vn 0.188837 0.896916 -0.399852
vn 0.247082 0.967704 -0.049985
vn 0.152346 0.960068 0.234649
vn 0.139799 0.873509 0.466303
vn 0.160506 0.796536 0.582897
vn -0.019054 0.811609 0.583890
vn -0.156454 0.799210 0.580332
vn -0.038687 0.804941 0.592092
vn -0.245488 0.913425 0.324639
vn -0.107593 0.993567 0.035332
vn -0.032929 0.974658 -0.221263
vn 0.096413 0.972236 -0.213219
vn -0.176688 0.978555 -0.105886
vn -0.333135 0.937490 0.100663
vn -0.096555 0.979392 0.177396
vn 0.046759 0.987278 0.151970
vn -0.214997 0.958331 0.188089
vn -0.019219 0.995965 0.087655
vn -0.237563 0.874613 -0.422630
vn -0.224091 0.745062 -0.628225
vn -0.048461 0.848184 -0.527480
vn -0.242617 0.892461 -0.380329
vn -0.432033 0.836942 -0.335969
vn -0.502581 0.795381 -0.338794
vn -0.332357 0.885046 -0.325934
vn -0.097161 0.979232 -0.177945
vn 0.336981 0.940550 -0.042551
vn 0.650777 0.752112 -0.104006
vn 0.598725 0.768245 -0.226558
vn 0.180488 0.918479 -0.351881
vn 0.094045 0.927293 -0.362331
vn 0.437587 0.881048 -0.179643
vn 0.401880 0.914385 -0.048910
vn 0.250883 0.963600 -0.092375
vn 0.319629 0.947280 -0.022330
vn 0.186137 0.982279 -0.021940
vn -0.047265 0.989971 -0.133126
vn 0.070392 0.993253 0.092161
vn -0.174146 0.952235 0.250841
vn -0.493270 0.860948 0.124311
vn -0.285813 0.945660 0.155042
vn -0.051650 0.988980 0.138745
vn 0.189051 0.975907 0.108924
vn 0.036799 0.974527 0.221233
vn -0.185138 0.898151 0.398809
vn -0.197651 0.909376 0.366018
vn -0.168022 0.939348 0.298989
vn -0.289127 0.940873 0.176534
vn -0.412178 0.910319 -0.037796
vn -0.566085 0.747942 -0.346598
vn -0.230121 0.844025 -0.484424
vn 0.048895 0.842158 -0.537009
vn -0.133559 0.850247 -0.509158
vn -0.327590 0.890996 -0.314343
vn -0.391386 0.919297 0.041364
vn -0.193688 0.927258 0.320434
vn 0.000450 0.929460 0.368923
vn 0.191577 0.964643 0.181005
vn 0.505774 0.848777 -0.154174
vn 0.484167 0.784118 -0.388255
vn 0.149197 0.856578 -0.493978
vn 0.227651 0.890889 -0.393055
vn 0.526061 0.814411 -0.244940
vn 0.389490 0.901621 -0.188089
vn 0.199719 0.943111 -0.265809
vn 0.241475 0.881676 -0.405384
vn 0.102608 0.894321 -0.435501
vn 0.021422 0.915677 -0.401344
vn 0.258905 0.912225 -0.317513
vn -0.037974 0.989217 -0.141451
vn -0.220453 0.911709 0.346680
vn -0.205466 0.811559 0.546952
vn -0.157872 0.843783 0.512938
vn 0.147445 0.867179 0.475668
vn 0.159167 0.876673 0.453995
vn -0.152007 0.888681 0.432597
vn -0.328921 0.893168 0.306697
vn -0.336328 0.922837 0.187765
vn -0.433060 0.889534 0.145559
vn -0.616843 0.787041 0.008489
vn -0.676176 0.723295 -0.140109
vn -0.328880 0.917280 -0.224578
vn -0.037179 0.950127 -0.309640
vn 0.100408 0.987628 -0.120452
vn 0.015499 0.989740 0.142037
vn -0.041636 0.923592 0.381110
vn -0.081816 0.867697 0.490313
vn -0.151515 0.866757 0.475158
vn -0.179482 0.952080 0.247649
vn 0.170890 0.974867 -0.142939
vn 0.357721 0.856452 -0.372190
vn 0.229355 0.885729 -0.403585
vn 0.452988 0.883220 -0.121346
vn 0.605039 0.795971 0.018935
vn 0.313379 0.942827 -0.113448
vn 0.056461 0.966902 -0.248823
vn 0.145050 0.908318 -0.392325
vn 0.150290 0.901144 -0.406636
vn 0.059963 0.905681 -0.419699
vn 0.374757 0.880885 -0.289134
vn 0.301982 0.937703 -0.171813
vn 0.209149 0.966877 0.146307
vn -0.125250 0.928187 0.350403
vn -0.057734 0.812513 0.580078
vn 0.007537 0.831072 0.556114
vn -0.008056 0.941723 0.336293
vn -0.296796 0.938751 0.175096
vn -0.416823 0.899824 0.128743
vn -0.268332 0.943226 0.195760
vn -0.575873 0.807849 0.125497
vn -0.682044 0.724878 0.096790
vn -0.654142 0.734629 0.180049
vn -0.310522 0.891721 0.329256
vn 0.149107 0.852618 0.500810
vn 0.145601 0.822673 0.549554
vn 0.043670 0.897249 0.439360
vn -0.018722 0.956092 0.292467
vn -0.011730 0.975053 0.221664
vn -0.219793 0.940974 0.257409
vn -0.348116 0.880553 0.321625
vn -0.093398 0.959952 0.264139
vn 0.276900 0.952456 0.127100
vn 0.448141 0.874860 0.183820
vn 0.558942 0.758936 0.334066
vn 0.467381 0.861319 0.199209
vn 0.100642 0.981950 -0.160143
vn -0.078297 0.956644 -0.280538
vn 0.098608 0.951326 -0.291985
vn 0.162879 0.967729 -0.192277
vn 0.232441 0.971843 0.038639
vn 0.398078 0.911493 0.103507
vn 0.294963 0.938068 -0.181727
vn 0.305370 0.902176 -0.304676
vn 0.250416 0.959984 -0.125391
vn 0.112353 0.977181 0.180262
vn -0.137525 0.949991 0.280363
vn -0.160368 0.947749 0.275777
vn -0.353964 0.920492 0.165543
vn -0.373607 0.919243 0.124136
vn -0.158113 0.974558 0.158862
vn -0.561182 0.822448 0.093023
vn -0.583541 0.788175 0.195602
vn -0.522166 0.755026 0.396582
vn -0.157205 0.820938 0.548951
vn 0.216072 0.790890 0.572543
vn 0.030636 0.836078 0.547754
vn -0.164956 0.854007 0.493418
vn -0.300702 0.928816 0.216518
vn -0.070183 0.997534 -0.000403
vn 0.008179 0.993668 0.112060
vn -0.318933 0.932971 0.166876
vn -0.197807 0.975304 0.098255
vn 0.165251 0.981461 -0.097085
vn 0.543927 0.831197 -0.115127
vn 0.544061 0.831548 -0.111916
vn 0.127686 0.937872 -0.322634
vn 0.013001 0.946134 -0.323515
vn 0.034327 0.996803 -0.072148
vn 0.313912 0.924149 0.217733
vn 0.300916 0.916823 0.262461
vn 0.319571 0.916442 0.240849
vn 0.140708 0.982742 0.120080
vn 0.047082 0.998412 -0.030930
vn 0.351963 0.933970 0.061823
vn 0.471035 0.846672 0.247534
vn 0.260572 0.914215 0.310344
vn -0.043856 0.946696 0.319129
vn -0.354234 0.934803 0.025736
vn -0.443756 0.887803 -0.122011
vn -0.321169 0.945390 -0.055574
vn -0.086001 0.995013 -0.050534
vn -0.350201 0.932183 -0.091623
vn -0.391409 0.916760 0.079687
vn -0.454619 0.851846 0.260152
vn -0.073455 0.899353 0.431009
vn 0.207607 0.866191 0.454547
vn 0.041162 0.908865 0.415054
vn -0.299745 0.882079 0.363440
vn -0.515087 0.832712 0.203165
vn -0.122179 0.980020 0.156948
vn -0.137705 0.985232 -0.101762
vn -0.344572 0.920403 -0.184742
vn -0.346263 0.916326 -0.201120
vn 0.040750 0.944330 -0.326467
vn 0.532232 0.789328 -0.306087
vn 0.438149 0.795568 -0.418446
vn 0.239481 0.884420 -0.400563
vn 0.333858 0.937212 -0.100863
vn 0.299997 0.946314 0.120380
vn 0.311022 0.931047 0.190830
vn 0.213673 0.969949 0.116375
vn 0.306319 0.942103 0.136425
vn 0.175807 0.956604 0.232382
vn 0.276522 0.813543 0.511549
vn 0.402200 0.706012 0.582908
vn 0.340612 0.776644 0.529912
vn 0.070727 0.930934 0.358274
vn -0.436704 0.895879 -0.081795
vn -0.448893 0.856539 -0.254629
vn -0.396295 0.882399 -0.253619
vn -0.225577 0.954439 -0.195349
vn -0.159107 0.966129 -0.203174
vn -0.117852 0.980661 -0.156254
vn -0.263275 0.947522 -0.181348
vn -0.216925 0.973317 0.074822
vn 0.104287 0.898216 0.427004
vn 0.123568 0.876311 0.465630
vn -0.060017 0.931021 0.359997
vn -0.326709 0.879007 0.347287
vn -0.545004 0.797095 0.260018
vn -0.263445 0.931456 0.250972
vn -0.304115 0.949784 0.073653
vn -0.237180 0.949440 0.205692
vn -0.358625 0.892270 0.274303
vn 0.026186 0.928439 0.370561
vn 0.332552 0.942537 0.032148
vn 0.355031 0.889513 -0.287609
vn 0.469553 0.871068 -0.144085
vn 0.415646 0.899738 -0.133076
vn 0.360653 0.904374 -0.228115
vn 0.387708 0.912364 -0.131434
vn 0.336667 0.933541 0.123110
vn 0.383114 0.856105 0.346853
vn 0.340759 0.825685 0.449586
vn 0.416769 0.722874 0.551141
vn 0.358825 0.743069 0.564883
vn 0.121803 0.903130 0.411728
vn -0.336030 0.941599 -0.021789
vn -0.561951 0.806413 -0.184144
vn -0.477228 0.865704 -0.151032
vn -0.384892 0.902220 -0.194567
vn -0.232448 0.943969 -0.234286
vn -0.121839 0.953584 -0.275379
vn -0.214455 0.928086 -0.304409
vn -0.099797 0.985250 -0.139010
vn 0.210270 0.951696 0.223744
vn 0.306795 0.846515 0.435073
vn 0.110266 0.819686 0.562099
vn -0.104261 0.842782 0.528061
vn -0.394412 0.819298 0.416161
vn -0.450062 0.757556 0.472814
vn -0.295850 0.759078 0.579891
vn -0.186517 0.773874 0.605253
vn -0.108278 0.754482 0.647327
vn -0.260175 0.760542 0.594882
vn -0.210632 0.862193 0.460714
vn -0.105250 0.985986 0.129441
vn 0.401542 0.915028 0.038568
vn 0.463625 0.886026 -0.003174
vn 0.259660 0.952648 -0.158236
vn 0.385663 0.913736 -0.127869
vn 0.567626 0.822123 0.043747
vn 0.555392 0.805597 0.206285
vn 0.483581 0.797227 0.361357
vn 0.429698 0.835649 0.342127
vn 0.487100 0.842697 0.229338
vn 0.236959 0.968711 0.073816
vn -0.278925 0.941596 -0.188673
vn -0.508789 0.788240 -0.346138
vn -0.428801 0.876452 -0.219000
vn -0.430709 0.901841 0.034243
vn -0.429995 0.897733 0.095808
vn -0.298253 0.954384 0.013992
vn -0.223015 0.974491 -0.025125
vn -0.066768 0.994102 -0.085458
vn 0.240368 0.961277 0.134793
vn 0.374158 0.882479 0.285021
vn 0.482158 0.740436 0.468272
vn 0.098207 0.797826 0.594836
vn -0.204559 0.835362 0.510221
vn -0.359696 0.825991 0.434002
vn -0.200940 0.749818 0.630394
vn -0.301901 0.724767 0.619329
vn -0.070096 0.690002 0.720406
vn -0.232997 0.694270 0.680957
vn -0.422604 0.734044 0.531587
vn -0.448406 0.795124 0.408301
vn -0.167729 0.885020 0.434288
vn 0.253912 0.939133 0.231428
vn 0.387168 0.920843 0.046367
vn 0.335161 0.932723 0.133022
vn 0.496120 0.814733 0.300125
vn 0.561714 0.751060 0.346966
vn 0.590034 0.705470 0.392648
vn 0.391296 0.862796 0.320111
vn 0.202323 0.978193 -0.046937
vn 0.335356 0.894991 -0.294155
vn 0.052568 0.871706 -0.487202
vn -0.330404 0.804644 -0.493336
vn -0.425070 0.777977 -0.462674
vn -0.033485 0.994109 -0.103082
vn -0.200475 0.937745 0.283625
vn -0.414542 0.833633 0.364980
vn -0.474872 0.855865 0.204918
vn -0.587941 0.804062 -0.088372
vn 0.360310 0.921394 -0.145639
vn 0.361515 0.915505 -0.176513
vn 0.592850 0.805287 0.006463
vn 0.642316 0.726912 0.242958
vn 0.018863 0.952656 0.303463
vn -0.321992 0.894310 0.310695
vn -0.285638 0.912926 0.291510
vn -0.291256 0.940521 0.174898
vn -0.171560 0.949431 0.262959
vn 0.133284 0.765407 0.629593
vn -0.342725 0.701648 0.624684
vn -0.467876 0.664624 0.582551
vn -0.349025 0.669044 0.656172
vn -0.263120 0.702256 0.661517
vn -0.067399 0.874706 0.479944
vn 0.324558 0.896738 0.300870
vn 0.465530 0.826462 0.316612
vn 0.574507 0.695385 0.431720
vn 0.560499 0.706513 0.432066
vn 0.497259 0.828735 0.256772
vn 0.024345 0.989377 -0.143322
vn 0.141451 0.989803 0.016764
vn 0.049740 0.996344 -0.069455
vn -0.159104 0.877623 -0.452177
vn -0.342347 0.802971 -0.487890
vn -0.119185 0.940492 -0.318230
vn 0.400720 0.909380 0.111588
vn -0.082929 0.974884 0.206696
vn -0.521844 0.851998 0.042163
vn -0.688903 0.677371 -0.258034
vn -0.606567 0.707122 -0.363395
vn 0.253004 0.893297 -0.371497
vn 0.348469 0.859095 -0.374868
vn 0.694325 0.677923 -0.241525
vn 0.674810 0.707019 -0.211556
vn 0.159426 0.975632 -0.150748
vn -0.331898 0.943153 -0.017509
vn -0.428757 0.895786 -0.117197
vn -0.345212 0.919446 -0.188278
vn 0.369978 0.913442 0.169529
vn 0.334807 0.864890 0.373993
vn -0.326559 0.828585 0.454759
vn -0.442028 0.742904 0.502698
vn -0.245539 0.710272 0.659715
vn -0.418179 0.653585 0.630835
vn -0.160790 0.684166 0.711381
vn 0.145903 0.744187 0.651841
vn 0.478086 0.679110 0.556995
vn 0.496292 0.765752 0.409045
vn 0.440249 0.888980 0.126077
vn 0.165186 0.963870 -0.208968
vn 0.235519 0.964569 -0.118904
vn 0.228006 0.972761 -0.041820
vn -0.335383 0.868499 -0.365003
vn -0.267902 0.868758 -0.416520
vn -0.280939 0.902997 -0.325070
vn 0.225371 0.961927 -0.154614
vn 0.384827 0.895253 -0.224569
vn -0.282984 0.808482 -0.516020
vn -0.579244 0.613570 -0.536664
vn -0.609776 0.647545 -0.457010
vn -0.324825 0.893154 -0.311071
vn 0.084085 0.977865 -0.191597
vn 0.293597 0.922582 -0.250288
vn 0.684698 0.685240 -0.248262
vn 0.656964 0.681855 -0.321672
vn 0.268906 0.872400 -0.408176
vn -0.228534 0.938716 -0.258039
vn -0.442027 0.893370 -0.080630
vn -0.123852 0.984842 0.121441
vn 0.454186 0.879722 0.140728
vn 0.366622 0.930311 0.010436
vn -0.238136 0.962555 0.129536
vn -0.232469 0.879440 0.415383
vn -0.147406 0.817090 0.557347
vn -0.232929 0.705205 0.669649
vn -0.140177 0.634688 0.759948
vn -0.020661 0.720294 0.693361
vn 0.282107 0.840549 0.462486
vn 0.239445 0.966758 0.089688
vn 0.208040 0.973997 -0.089722
vn 0.050641 0.965527 -0.255330
vn 0.197795 0.905767 -0.374784
vn -0.090301 0.814947 -0.572457
vn -0.294707 0.777674 -0.555312
vn -0.052758 0.936589 -0.346437
vn -0.255163 0.905525 -0.338993
vn 0.089516 0.863635 -0.496106
vn 0.037120 0.747844 -0.662836
vn -0.335182 0.650082 -0.681943
vn -0.498605 0.649048 -0.574569
vn -0.386204 0.850199 -0.357782
vn -0.120905 0.981043 -0.151450
vn -0.071271 0.995094 -0.068614
vn 0.211584 0.966382 -0.146073
vn 0.665438 0.738785 -0.106719
vn 0.580692 0.755193 -0.304108
vn 0.437210 0.855709 -0.276782
vn 0.020552 0.999179 -0.034916
vn -0.227881 0.948290 0.220943
vn -0.014039 0.919154 0.393647
vn 0.282632 0.909718 0.304191
vn 0.325413 0.937718 0.121617
vn 0.000162 0.988672 0.150094
vn 0.033603 0.900278 0.434016
vn -0.048391 0.827191 0.559834
vn -0.100494 0.801100 0.590034
vn -0.303206 0.821914 0.482207
vn -0.291383 0.895082 0.337527
vn -0.104676 0.990831 0.085425
vn 0.089043 0.993121 -0.076038
vn -0.034912 0.944800 -0.325781
vn -0.016303 0.911840 -0.410223
vn 0.030226 0.897345 -0.440293
vn -0.157601 0.876621 -0.454639
vn -0.138557 0.893008 -0.428181
vn -0.073741 0.862908 -0.499952
vn -0.322493 0.751821 -0.575121
vn -0.043987 0.796407 -0.603160
vn -0.052181 0.804807 -0.591239
vn -0.368594 0.756940 -0.539612
vn -0.339341 0.820245 -0.460485
vn -0.127560 0.945862 -0.298453
vn 0.186584 0.966250 -0.177614
vn -0.203563 0.957380 -0.204905
vn 0.355536 0.934501 -0.017385
vn 0.597823 0.800359 0.045094
vn 0.581613 0.812919 -0.029820
vn 0.481095 0.852096 -0.206108
vn 0.215848 0.939117 -0.267335
vn 0.078456 0.996031 0.042038
vn 0.110447 0.920306 0.375284
vn 0.146783 0.867556 0.475185
vn 0.152101 0.903267 0.401216
vn 0.164177 0.923635 0.346330
vn 0.224256 0.889481 0.398162
vn -0.049574 0.943671 0.327151
vn -0.253668 0.937028 0.240065
vn -0.495680 0.866647 0.056782
vn -0.422218 0.905756 -0.036587
vn -0.244970 0.957792 -0.150412
vn -0.129037 0.955874 -0.263919
vn -0.110621 0.948613 -0.296474
vn -0.027959 0.957675 -0.286491
vn -0.036915 0.903807 -0.426346
vn -0.201713 0.843652 -0.497556
vn -0.189230 0.845496 -0.499328
vn -0.223490 0.809617 -0.542745
vn -0.312197 0.776804 -0.546909
vn 0.156869 0.915446 -0.370610
vn -0.082716 0.940314 -0.330104
vn -0.376885 0.870108 -0.317601
vn -0.242357 0.946153 -0.214613
vn 0.038958 0.992290 -0.117658
vn 0.284505 0.954527 -0.089083
vn 0.147122 0.988384 0.038114
vn 0.504529 0.842657 0.188098
vn 0.543238 0.823128 0.165388
vn 0.375430 0.926027 -0.039067
vn 0.209874 0.881107 -0.423797
vn 0.348592 0.829748 -0.435892
vn 0.442242 0.864518 -0.238811
vn 0.479019 0.850648 0.216652
vn 0.278862 0.765071 0.580433
vn 0.010019 0.786017 0.618124
vn -0.009865 0.899325 0.437170
vn 0.023397 0.990364 0.136501
vn -0.070701 0.995576 0.061891
vn -0.391802 0.918946 -0.045057
vn -0.548501 0.829462 -0.105548
vn -0.513405 0.841511 -0.168149
vn -0.285420 0.903191 -0.320596
vn -0.110150 0.944345 -0.309967
vn -0.053282 0.978224 -0.200595
vn -0.230083 0.927185 -0.295617
vn -0.173497 0.901349 -0.396822
vn -0.186007 0.867744 -0.460893
vn -0.142899 0.905529 -0.399497
vn -0.284910 0.888046 -0.360834
vn -0.148127 0.967567 -0.204628
vn 0.236849 0.965364 -0.109429
vn -0.183310 0.927066 -0.327026
vn -0.198396 0.970685 -0.135680
vn -0.171933 0.985105 0.002667
vn -0.014857 0.999465 -0.029140
vn 0.054468 0.996192 -0.068083
vn 0.401915 0.903313 0.149968
vn 0.500447 0.856005 0.129643
vn 0.473611 0.880245 0.029356
vn 0.129219 0.991485 -0.016094
vn 0.177667 0.974099 0.139880
vn 0.361136 0.927588 0.095713
vn 0.631177 0.774100 0.048835
vn 0.714641 0.686722 0.133049
vn 0.478170 0.819987 0.314601
vn -0.230776 0.952853 0.197013
vn -0.193168 0.963673 0.184445
vn -0.104574 0.972693 0.207201
vn -0.255529 0.966263 -0.032269
vn -0.463440 0.849665 -0.251579
vn -0.489882 0.863007 -0.123427
vn -0.601064 0.793482 -0.095437
vn -0.346794 0.932766 -0.098394
vn -0.011494 0.993315 -0.114866
vn -0.050586 0.990304 -0.129378
vn -0.301769 0.929796 -0.210750
vn -0.308679 0.900703 -0.305697
vn -0.216929 0.898145 -0.382463
vn -0.095961 0.914469 -0.393113
vn -0.190825 0.903702 -0.383288
vn -0.023443 0.937036 -0.348445
vn -0.059774 0.853065 -0.518370
vn -0.047715 0.871093 -0.488796
vn -0.041528 0.924717 -0.378383
vn -0.096462 0.946646 -0.307501
vn 0.088411 0.995802 -0.023706
vn 0.129827 0.982781 0.131476
vn 0.352064 0.903517 0.244353
vn 0.435846 0.861381 0.260887
vn 0.493698 0.791493 0.360280
vn 0.309870 0.785761 0.535314
vn 0.230938 0.732545 0.640348
vn 0.142756 0.794975 0.589606
vn 0.428024 0.876607 0.219898
vn 0.706356 0.702889 -0.083718
vn 0.426481 0.882291 -0.199190
vn -0.181418 0.957400 -0.224660
vn -0.056818 0.995984 -0.069195
vn -0.147993 0.987289 0.057951
vn -0.541343 0.833807 -0.108235
vn -0.431218 0.873651 -0.225356
vn -0.423806 0.871657 -0.246176
vn -0.527033 0.828425 -0.189600
vn -0.363688 0.912853 -0.185557
vn -0.132802 0.935501 -0.327416
vn -0.177522 0.873699 -0.452918
vn -0.269363 0.898764 -0.345930
vn -0.307865 0.938066 -0.158905
vn -0.233423 0.970429 -0.061492
vn -0.231737 0.960906 -0.151515
vn -0.221252 0.931451 -0.288871
vn -0.171322 0.895202 -0.411415
vn -0.102171 0.854984 -0.508491
vn 0.060107 0.870539 -0.488415
vn 0.039353 0.899624 -0.434889
vn 0.271186 0.956352 -0.108852
vn 0.321803 0.924598 0.203864
vn 0.234298 0.911823 0.337169
vn 0.305164 0.865825 0.396512
vn 0.504374 0.756568 0.416187
vn 0.525170 0.699289 0.484965
vn 0.390027 0.733639 0.556465
vn 0.191962 0.795018 0.575410
vn -0.196866 0.910751 0.363009
vn 0.067700 0.995715 0.062988
vn 0.650643 0.758097 -0.044178
vn 0.268712 0.916319 -0.296907
vn -0.085935 0.935196 -0.343546
vn 0.116461 0.957334 -0.264478
vn -0.149128 0.968028 -0.201700
vn -0.586838 0.790806 -0.173917
vn -0.521976 0.827529 -0.206728
vn -0.498481 0.777239 -0.383949
vn -0.448065 0.823752 -0.347376
vn -0.381513 0.876704 -0.292982
vn -0.265744 0.875174 -0.404290
vn -0.057944 0.907478 -0.416084
vn -0.030928 0.955906 -0.292041
vn -0.120725 0.981048 -0.151558
vn -0.174954 0.984325 0.022257
vn -0.307404 0.946187 0.101156
vn -0.279033 0.935056 0.218657
vn -0.359573 0.916110 0.177343
vn -0.156919 0.983307 0.092107
vn 0.090284 0.994198 0.058478
vn 0.249076 0.964263 0.090318
vn 0.497995 0.842279 0.206319
vn 0.419630 0.857542 0.297543
vn 0.342867 0.885587 0.313333
vn 0.449226 0.831563 0.326647
vn 0.588733 0.737503 0.330882
vn 0.594623 0.733762 0.328659
vn 0.447576 0.793605 0.412149
vn -0.075620 0.973361 0.216450
vn -0.404743 0.913320 0.045049
vn 0.087322 0.983618 0.157701
vn 0.513080 0.856799 0.051413
vn 0.123871 0.975300 -0.182881
vn -0.004947 0.997771 -0.066540
vn 0.077108 0.984602 -0.156887
vn -0.202483 0.921601 -0.331139
vn -0.460715 0.883527 -0.084392
vn -0.559504 0.818158 0.132561
vn -0.585494 0.810529 0.015477
vn -0.408248 0.910768 -0.061934
vn -0.463781 0.873075 -0.150493
vn -0.405752 0.855228 -0.322413
vn -0.046536 0.920471 -0.388030
vn 0.050011 0.950667 -0.306155
vn 0.094175 0.991528 -0.089457
vn 0.003886 0.994576 0.103937
vn -0.138637 0.978761 0.151022
vn -0.153734 0.954994 0.253678
vn -0.392924 0.886666 0.243792
vn -0.221649 0.945546 0.238356
vn -0.014246 0.989225 0.145709
vn 0.218476 0.975356 -0.030807
vn 0.546631 0.837077 -0.022269
vn 0.508868 0.849805 0.137418
vn 0.370494 0.885433 0.280612
vn 0.476944 0.865048 0.155615
vn 0.609338 0.789796 0.070213
vn 0.659438 0.741860 0.121594
vn 0.255854 0.959716 -0.116124
vn -0.160355 0.968983 -0.188039
vn -0.212340 0.960298 0.180942
vn 0.088909 0.953587 0.287691
vn 0.361773 0.918716 0.158371
vn 0.249942 0.926376 0.281702
vn -0.164485 0.981030 0.102585
vn -0.165828 0.968424 -0.186162
vn -0.064332 0.985441 -0.157374
vn -0.129884 0.980822 0.145323
vn -0.575403 0.788837 0.215980
vn -0.603988 0.746147 0.280112
vn -0.521658 0.817373 0.244488
vn -0.583313 0.807417 0.088455
vn -0.418635 0.903034 0.096306
vn 0.083774 0.968927 0.232727
vn 0.176307 0.962839 0.204587
vn 0.218472 0.957456 0.188541
vn -0.080350 0.988084 0.131280
vn -0.195816 0.980548 -0.013482
vn -0.161881 0.985307 -0.054452
vn -0.394281 0.915887 -0.075451
vn -0.216868 0.976153 -0.009697
vn -0.183232 0.981615 -0.053454
vn 0.124956 0.967596 -0.219415
vn 0.660467 0.746120 -0.084195
vn 0.644494 0.758436 0.096969
vn 0.446567 0.894430 0.023953
vn 0.556321 0.815847 -0.157798
vn 0.670726 0.740620 -0.040093
vn 0.567015 0.819168 -0.086356
vn 0.078751 0.944345 -0.319392
vn 0.212808 0.966373 -0.144345
vn -0.008515 0.999935 0.007566
vn 0.052910 0.995709 0.075916
vn 0.448607 0.864610 0.226278
vn 0.131279 0.959815 0.248033
vn -0.435147 0.900351 0.003992
vn -0.310364 0.920139 -0.238785
vn 0.020269 0.895512 -0.444576
vn 0.015246 0.893744 -0.448318
vn -0.349149 0.928636 -0.125419
vn -0.489048 0.828541 0.272674
vn -0.589539 0.763494 0.263670
vn -0.560104 0.766010 0.315457
vn -0.286806 0.828675 0.480666
vn -0.002445 0.852856 0.522141
vn 0.019462 0.912337 0.408977
vn 0.161498 0.940084 0.300268
vn -0.185799 0.966340 0.177949
vn -0.198164 0.960142 0.197127
vn -0.285416 0.956426 0.061533
vn -0.300284 0.946328 0.119554
vn -0.156767 0.956500 0.246031
vn -0.310535 0.932786 0.182970
vn 0.138542 0.964484 0.224892
vn 0.688392 0.703189 0.177881
vn 0.585695 0.810441 0.012116
vn 0.248351 0.957803 -0.144689
vn 0.642142 0.755088 -0.132267
vn 0.713063 0.696872 -0.076874
vn 0.420709 0.895637 -0.144354
vn 0.027799 0.954275 -0.297636
vn 0.222480 0.903850 -0.365455
vn 0.077074 0.933361 -0.350568
vn 0.350524 0.936287 0.022349
vn 0.541399 0.813961 0.210604
vn -0.093444 0.992791 0.075057
vn -0.582644 0.809205 -0.075590
vn -0.543599 0.809651 -0.221279
vn -0.086336 0.945033 -0.315371
vn 0.161435 0.936334 -0.311795
vn 0.023883 0.977630 -0.208970
vn -0.463471 0.847054 -0.260181
vn -0.512947 0.843583 -0.158913
vn -0.482299 0.875612 -0.026285
vn -0.113599 0.970379 0.213211
vn -0.121652 0.980537 0.154105
vn -0.070486 0.994875 0.072488
vn -0.049109 0.994494 -0.092571
vn -0.120503 0.992368 -0.026161
vn -0.134061 0.947122 0.291525
vn -0.282637 0.899347 0.333604
vn -0.149774 0.891333 0.427895
vn -0.179255 0.902169 0.392375
vn -0.139886 0.823176 0.550284
vn 0.155616 0.751298 0.641354
vn 0.513572 0.725772 0.457712
vn 0.337393 0.920735 0.195993
vn -0.070364 0.994337 -0.079641
vn 0.714171 0.691310 -0.109775
vn 0.714710 0.695534 -0.073637
vn 0.230072 0.904905 -0.358070
vn 0.020583 0.925035 -0.379324
vn 0.146644 0.895789 -0.419592
vn 0.361180 0.887230 -0.287004
vn 0.601438 0.794952 0.079524
vn 0.434968 0.897369 0.074375
vn -0.230705 0.965202 -0.123128
vn -0.566144 0.823116 -0.044292
vn -0.492971 0.864272 0.100065
vn -0.136743 0.976380 0.167283
vn 0.098643 0.991846 0.080688
vn -0.257360 0.934494 -0.245942
vn -0.478346 0.783361 -0.396900
vn -0.381793 0.875483 -0.296248
vn -0.321885 0.936760 -0.137367
vn -0.221012 0.948078 -0.228696
vn -0.199688 0.900276 -0.386817
vn -0.151752 0.881936 -0.446273
vn 0.008610 0.884708 -0.466067
vn 0.324067 0.935758 -0.139061
vn 0.085535 0.969050 0.231575
vn -0.195941 0.916430 0.348945
vn -0.186091 0.908307 0.374632
vn 0.071453 0.806473 0.586938
vn 0.010414 0.744035 0.668059
vn 0.079803 0.785084 0.614227
vn 0.284240 0.835559 0.470159
vn -0.053056 0.965751 0.253987
vn -0.535304 0.843667 0.040934
vn 0.728664 0.677100 0.102877
vn 0.543040 0.833089 -0.105214
vn 0.047281 0.864127 -0.501047
vn 0.020346 0.844377 -0.535362
vn 0.233838 0.879827 -0.413793
vn 0.580670 0.794227 -0.178955
vn 0.639546 0.755824 -0.140399
vn 0.318642 0.921414 -0.222403
vn -0.282740 0.908110 -0.308858
vn -0.486291 0.821650 -0.297343
vn -0.384999 0.902284 -0.194061
vn -0.134676 0.977006 -0.165290
vn -0.161137 0.911408 -0.378643
vn -0.381119 0.848391 -0.367398
vn -0.390821 0.907387 -0.154622
vn -0.252803 0.967036 0.030546
vn -0.306295 0.947119 0.095645
vn -0.398693 0.916958 0.015225
vn -0.255902 0.965693 0.044170
vn -0.281831 0.959186 -0.023077
vn 0.194131 0.980369 0.034502
vn 0.482856 0.873885 -0.056351
vn 0.262752 0.963599 -0.049373
vn -0.093225 0.992402 0.080293
vn 0.037180 0.969020 0.244169
vn 0.267771 0.864707 0.424947
vn -0.108596 0.917862 0.381754
vn 0.075451 0.866503 0.493436
vn 0.134244 0.895195 0.424975
vn -0.343535 0.922252 0.177301
vn -0.600239 0.793452 0.100734
vn 0.507379 0.845767 0.165062
vn 0.050608 0.982658 -0.178389
vn -0.055807 0.933883 -0.353198
vn 0.186338 0.961834 -0.200385
vn 0.434437 0.900017 -0.035128
vn 0.539825 0.821290 -0.184587
vn 0.517480 0.755572 -0.401653
vn 0.146137 0.760747 -0.632382
vn -0.237146 0.721803 -0.650201
vn -0.337821 0.774392 -0.534971
vn -0.279267 0.866370 -0.414021
vn -0.232778 0.905025 -0.356011
vn -0.114809 0.963380 -0.242319
vn -0.166073 0.985027 -0.046277
vn -0.193940 0.972431 0.129478
vn -0.136285 0.963447 0.230645
vn -0.288085 0.908028 0.304125
vn -0.278641 0.881918 0.380237
vn -0.278513 0.890501 0.359775
vn -0.247281 0.904597 0.347212
vn -0.044461 0.979064 0.198637
vn 0.359610 0.933078 0.006832
vn 0.251239 0.960352 -0.120845
vn 0.025003 0.998230 -0.053958
vn 0.254178 0.963520 0.083796
vn 0.284118 0.953978 0.095927
vn 0.127172 0.957274 0.259720
vn 0.073159 0.929660 0.361083
vn -0.167546 0.981464 0.093037
vn -0.372959 0.927459 0.026876
vn -0.255058 0.930583 0.262604
vn 0.026340 0.978877 0.202749
vn -0.133005 0.983492 0.122687
vn 0.126304 0.927829 0.350970
vn 0.246367 0.880303 0.405425
vn 0.226882 0.954133 0.195333
vn 0.245028 0.950244 -0.192348
vn 0.205922 0.812158 -0.545890
vn -0.019349 0.696195 -0.717592
vn -0.066736 0.737035 -0.672552
vn -0.077317 0.871147 -0.484896
vn -0.043465 0.978754 -0.200377
vn -0.090037 0.995754 0.019171
vn -0.014267 0.993197 0.115569
vn -0.167110 0.985738 -0.019884
vn -0.096882 0.995254 -0.009105
vn -0.059819 0.997788 0.028992
vn -0.198766 0.966831 0.160408
vn -0.331930 0.922678 0.196183
vn -0.367752 0.926213 0.082995
vn -0.309990 0.949983 0.037922
vn -0.129831 0.991431 0.014457
vn 0.272199 0.961987 0.022124
vn 0.244570 0.969576 -0.010399
vn 0.162861 0.978488 0.126643
vn 0.212994 0.974625 0.068849
vn 0.302715 0.953081 -0.000692
vn 0.288295 0.950158 0.118687
vn -0.045399 0.986967 0.154387
vn -0.266004 0.953889 0.139060
vn -0.177183 0.967828 0.178651
vn 0.049984 0.958765 0.279769
vn -0.160055 0.953399 0.255760
vn 0.065568 0.926865 0.369624
vn 0.211278 0.803387 0.556714
vn 0.114550 0.875597 0.469263
vn -0.041682 0.989196 0.140550
vn -0.008823 0.968215 -0.249963
vn -0.053215 0.839170 -0.541259
vn -0.027894 0.755304 -0.654781
vn 0.102088 0.844952 -0.525008
vn 0.131575 0.956568 -0.260127
vn 0.085941 0.993880 -0.069402
vn -0.006212 0.999849 -0.016257
vn -0.127483 0.991748 0.013571
vn -0.211557 0.956615 -0.200326
vn -0.072324 0.956012 -0.284273
vn 0.044127 0.985028 -0.166652
vn -0.166799 0.983000 0.076741
vn -0.411602 0.910076 0.048429
vn -0.381248 0.923122 -0.049959
vn -0.352814 0.928905 -0.112508
vn 0.016982 0.993747 -0.110359
vn 0.281332 0.959496 0.014855
vn 0.317738 0.935238 0.156115
vn 0.093835 0.992973 0.072111
vn 0.187116 0.982126 -0.020415
vn 0.390339 0.918972 0.055916
vn 0.312699 0.933863 0.173547
vn -0.116494 0.943622 0.309849
vn -0.265217 0.923490 0.277175
vn -0.072869 0.976903 0.200872
vn 0.131972 0.951469 0.278011

f 1//1 32//32 2//2
f 32//32 33//33 2//2
f 2//2 33//33 3//3
f 33//33 34//34 3//3
f 3//3 34//34 4//4
f 34//34 35//35 4//4
f 4//4 35//35 5//5
f 35//35 36//36 5//5
f 5//5 36//36 6//6
f 36//36 37//37 6//6
f 6//6 37//37 7//7
f 37//37 38//38 7//7
f 7//7 38//38 8//8
f 38//38 39//39 8//8
f 8//8 39//39 9//9
f 39//39 40//40 9//9
f 9//9 40//40 10//10
f 40//40 41//41 10//10
f 10//10 41//41 11//11
f 41//41 42//42 11//11
f 11//11 42//42 12//12
f 42//42 43//43 12//12
f 12//12 43//43 13//13
f 43//43 44//44 13//13
f 13//13 44//44 14//14
f 44//44 45//45 14//14
f 14//14 45//45 15//15
f 45//45 46//46 15//15
f 15//15 46//46 16//16
f 46//46 47//47 16//16
f 16//16 47//47 17//17
f 47//47 48//48 17//17
f 17//17 48//48 18//18
f 48//48 49//49 18//18
f 18//18 49//49 19//19
f 49//49 50//50 19//19
f 19//19 50//50 20//20
f 50//50 51//51 20//20
f 20//20 51//51 21//21
f 51//51 52//52 21//21
f 21//21 52//52 22//22
f 52//52 53//53 22//22
f 22//22 53//53 23//23
f 53//53 54//54 23//23
f 23//23 54//54 24//24
f 54//54 55//55 24//24
f 24//24 55//55 25//25
f 55//55 56//56 25//25
f 25//25 56//56 26//26
f 56//56 57//57 26//26
f 26//26 57//57 27//27
f 57//57 58//58 27//27
f 27//27 58//58 28//28
f 58//58 59//59 28//28
f 28//28 59//59 29//29
f 59//59 60//60 29//29
f 29//29 60//60 30//30
f 60//60 61//61 30//30
f 30//30 61//61 31//31
f 61//61 62//62 31//31
f 32//32 63//63 33//33
f 63//63 64//64 33//33
f 33//33 64//64 34//34
f 64//64 65//65 34//34
f 34//34 65//65 35//35
f 65//65 66//66 35//35
f 35//35 66//66 36//36
f 66//66 67//67 36//36
f 36//36 67//67 37//37
f 67//67 68//68 37//37
f 37//37 68//68 38//38
f 68//68 69//69 38//38
f 38//38 69//69 39//39
f 69//69 70//70 39//39
f 39//39 70//70 40//40
f 70//70 71//71 40//40
f 40//40 71//71 41//41
f 71//71 72//72 41//41
f 41//41 72//72 42//42
f 72//72 73//73 42//42
f 42//42 73//73 43//43
f 73//73 74//74 43//43
f 43//43 74//74 44//44
f 74//74 75//75 44//44
f 44//44 75//75 45//45
f 75//75 76//76 45//45
f 45//45 76//76 46//46
f 76//76 77//77 46//46
f 46//46 77//77 47//47
f 77//77 78//78 47//47
f 47//47 78//78 48//48
f 78//78 79//79 48//48
f 48//48 79//79 49//49
f 79//79 80//80 49//49
f 49//49 80//80 50//50
f 80//80 81//81 50//50
f 50//50 81//81 51//51
f 81//81 82//82 51//51
f 51//51 82//82 52//52
f 82//82 83//83 52//52
f 52//52 83//83 53//53
f 83//83 84//84 53//53
f 53//53 84//84 54//54
f 84//84 85//85 54//54
f 54//54 85//85 55//55
f 85//85 86//86 55//55
f 55//55 86//86 56//56
f 86//86 87//87 56//56
f 56//56 87//87 57//57
f 87//87 88//88 57//57
f 57//57 88//88 58//58
f 88//88 89//89 58//58
f 58//58 89//89 59//59
f 89//89 90//90 59//59
f 59//59 90//90 60//60
f 90//90 91//91 60//60
f 60//60 91//91 61//61
f 91//91 92//92 61//61
f 61//61 92//92 62//62
f 92//92 93//93 62//62
f 63//63 94//94 64//64
f 94//94 95//95 64//64
f 64//64 95//95 65//65
f 95//95 96//96 65//65
f 65//65 96//96 66//66
f 96//96 97//97 66//66
f 66//66 97//97 67//67
f 97//97 98//98 67//67
f 67//67 98//98 68//68
f 98//98 99//99 68//68
f 68//68 99//99 69//69
f 99//99 100//100 69//69
f 69//69 100//100 70//70
f 100//100 101//101 70//70
f 70//70 101//101 71//71
f 101//101 102//102 71//71
f 71//71 102//102 72//72
f 102//102 103//103 72//72
f 72//72 103//103 73//73
f 103//103 104//104 73//73
f 73//73 104//104 74//74
f 104//104 105//105 74//74
f 74//74 105//105 75//75
f 105//105 106//106 75//75
f 75//75 106//106 76//76
f 106//106 107//107 76//76
f 76//76 107//107 77//77
f 107//107 108//108 77//77
f 77//77 108//108 78//78
f 108//108 109//109 78//78
f 78//78 109//109 79//79
f 109//109 110//110 79//79
f 79//79 110//110 80//80
f 110//110 111//111 80//80
f 80//80 111//111 81//81
f 111//111 112//112 81//81
f 81//81 112//112 82//82
f 112//112 113//113 82//82
f 82//82 113//113 83//83
f 113//113 114//114 83//83
f 83//83 114//114 84//84
f 114//114 115//115 84//84
f 84//84 115//115 85//85
f 115//115 116//116 85//85
f 85//85 116//116 86//86
f 116//116 117//117 86//86
f 86//86 117//117 87//87
f 117//117 118//118 87//87
f 87//87 118//118 88//88
f 118//118 119//119 88//88
f 88//88 119//119 89//89
f 119//119 120//120 89//89
f 89//89 120//120 90//90
f 120//120 121//121 90//90
f 90//90 121//121 91//91
f 121//121 122//122 91//91
f 91//91 122//122 92//92
f 122//122 123//123 92//92
f 92//92 123//123 93//93
f 123//123 124//124 93//93
f 94//94 125//125 95//95
f 125//125 126//126 95//95
f 95//95 126//126 96//96
f 126//126 127//127 96//96
f 96//96 127//127 97//97
f 127//127 128//128 97//97
f 97//97 128//128 98//98
f 128//128 129//129 98//98
f 98//98 129//129 99//99
f 129//129 130//130 99//99
f 99//99 130//130 100//100
f 130//130 131//131 100//100
f 100//100 131//131 101//101
f 131//131 132//132 101//101
f 101//101 132//132 102//102
f 132//132 133//133 102//102
f 102//102 133//133 103//103
f 133//133 134//134 103//103
f 103//103 134//134 104//104
f 134//134 135//135 104//104
f 104//104 135//135 105//105
f 135//135 136//136 105//105
f 105//105 136//136 106//106
f 136//136 137//137 106//106
f 106//106 137//137 107//107
f 137//137 138//138 107//107
f 107//107 138//138 108//108
f 138//138 139//139 108//108
f 108//108 139//139 109//109
f 139//139 140//140 109//109
f 109//109 140//140 110//110
f 140//140 141//141 110//110
f 110//110 141//141 111//111
f 141//141 142//142 111//111
f 111//111 142//142 112//112
f 142//142 143//143 112//112
f 112//112 143//143 113//113
f 143//143 144//144 113//113
f 113//113 144//144 114//114
f 144//144 145//145 114//114
f 114//114 145//145 115//115
f 145//145 146//146 115//115
f 115//115 146//146 116//116
f 146//146 147//147 116//116
f 116//116 147//147 117//117
f 147//147 148//148 117//117
f 117//117 148//148 118//118
f 148//148 149//149 118//118
f 118//118 149//149 119//119
f 149//149 150//150 119//119
f 119//119 150//150 120//120
f 150//150 151//151 120//120
f 120//120 151//151 121//121
f 151//151 152//152 121//121
f 121//121 152//152 122//122
f 152//152 153//153 122//122
f 122//122 153//153 123//123
f 153//153 154//154 123//123
f 123//123 154//154 124//124
f 154//154 155//155 124//124
f 125//125 156//156 126//126
f 156//156 157//157 126//126
f 126//126 157//157 127//127
f 157//157 158//158 127//127
f 127//127 158//158 128//128
f 158//158 159//159 128//128
f 128//128 159//159 129//129
f 159//159 160//160 129//129
f 129//129 160//160 130//130
f 160//160 161//161 130//130
f 130//130 161//161 131//131
f 161//161 162//162 131//131
f 131//131 162//162 132//132
f 162//162 163//163 132//132
f 132//132 163//163 133//133
f 163//163 164//164 133//133
f 133//133 164//164 134//134
f 164//164 165//165 134//134
f 134//134 165//165 135//135
f 165//165 166//166 135//135
f 135//135 166//166 136//136
f 166//166 167//167 136//136
f 136//136 167//167 137//137
f 167//167 168//168 137//137
f 137//137 168//168 138//138
f 168//168 169//169 138//138
f 138//138 169//169 139//139
f 169//169 170//170 139//139
f 139//139 170//170 140//140
f 170//170 171//171 140//140
f 140//140 171//171 141//141
f 171//171 172//172 141//141
f 141//141 172//172 142//142
f 172//172 173//173 142//142
f 142//142 173//173 143//143
f 173//173 174//174 143//143
f 143//143 174//174 144//144
f 174//174 175//175 144//144
f 144//144 175//175 145//145
f 175//175 176//176 145//145
f 145//145 176//176 146//146
f 176//176 177//177 146//146
f 146//146 177//177 147//147
f 177//177 178//178 147//147
f 147//147 178//178 148//148
f 178//178 179//179 148//148
f 148//148 179//179 149//149
f 179//179 180//180 149//149
f 149//149 180//180 150//150
f 180//180 181//181 150//150
f 150//150 181//181 151//151
f 181//181 182//182 151//151
f 151//151 182//182 152//152
f 182//182 183//183 152//152
f 152//152 183//183 153//153
f 183//183 184//184 153//153
f 153//153 184//184 154//154
f 184//184 185//185 154//154
f 154//154 185//185 155//155
f 185//185 186//186 155//155
f 156//156 187//187 157//157
f 187//187 188//188 157//157
f 157//157 188//188 158//158
f 188//188 189//189 158//158
f 158//158 189//189 159//159
f 189//189 190//190 159//159
f 159//159 190//190 160//160
f 190//190 191//191 160//160
f 160//160 191//191 161//161
f 191//191 192//192 161//161
f 161//161 192//192 162//162
f 192//192 193//193 162//162
f 162//162 193//193 163//163
f 193//193 194//194 163//163
f 163//163 194//194 164//164
f 194//194 195//195 164//164
f 164//164 195//195 165//165
f 195//195 196//196 165//165
f 165//165 196//196 166//166
f 196//196 197//197 166//166
f 166//166 197//197 167//167
f 197//197 198//198 167//167
f 167//167 198//198 168//168
f 198//198 199//199 168//168
f 168//168 199//199 169//169
f 199//199 200//200 169//169
f 169//169 200//200 170//170
f 200//200 201//201 170//170
f 170//170 201//201 171//171
f 201//201 202//202 171//171
f 171//171 202//202 172//172
f 202//202 203//203 172//172
f 172//172 203//203 173//173
f 203//203 204//204 173//173
f 173//173 204//204 174//174
f 204//204 205//205 174//174
f 174//174 205//205 175//175
f 205//205 206//206 175//175
f 175//175 206//206 176//176
f 206//206 207//207 176//176
f 176//176 207//207 177//177
f 207//207 208//208 177//177
f 177//177 208//208 178//178
f 208//208 209//209 178//178
f 178//178 209//209 179//179
f 209//209 210//210 179//179
f 179//179 210//210 180//180
f 210//210 211//211 180//180
f 180//180 211//211 181//181
f 211//211 212//212 181//181
f 181//181 212//212 182//182
f 212//212 213//213 182//182
f 182//182 213//213 183//183
f 213//213 214//214 183//183
f 183//183 214//214 184//184
f 214//214 215//215 184//184
f 184//184 215//215 185//185
f 215//215 216//216 185//185
f 185//185 216//216 186//186
f 216//216 217//217 186//186
f 187//187 218//218 188//188
f 218//218 219//219 188//188
f 188//188 219//219 189//189
f 219//219 220//220 189//189
f 189//189 220//220 190//190
f 220//220 221//221 190//190
f 190//190 221//221 191//191
f 221//221 222//222 191//191
f 191//191 222//222 192//192
f 222//222 223//223 192//192
f 192//192 223//223 193//193
f 223//223 224//224 193//193
f 193//193 224//224 194//194
f 224//224 225//225 194//194
f 194//194 225//225 195//195
f 225//225 226//226 195//195
f 195//195 226//226 196//196
f 226//226 227//227 196//196
f 196//196 227//227 197//197
f 227//227 228//228 197//197
f 197//197 228//228 198//198
f 228//228 229//229 198//198
f 198//198 229//229 199//199
f 229//229 230//230 199//199
f 199//199 230//230 200//200
f 230//230 231//231 200//200
f 200//200 231//231 201//201
f 231//231 232//232 201//201
f 201//201 232//232 202//202
f 232//232 233//233 202//202
f 202//202 233//233 203//203
f 233//233 234//234 203//203
f 203//203 234//234 204//204
f 234//234 235//235 204//204
f 204//204 235//235 205//205
f 235//235 236//236 205//205
f 205//205 236//236 206//206
f 236//236 237//237 206//206
f 206//206 237//237 207//207
f 237//237 238//238 207//207
f 207//207 238//238 208//208
f 238//238 239//239 208//208
f 208//208 239//239 209//209
f 239//239 240//240 209//209
f 209//209 240//240 210//210
f 240//240 241//241 210//210
f 210//210 241//241 211//211
f 241//241 242//242 211//211
f 211//211 242//242 212//212
f 242//242 243//243 212//212
f 212//212 243//243 213//213
f 243//243 244//244 213//213
f 213//213 244//244 214//214
f 244//244 245//245 214//214
f 214//214 245//245 215//215
f 245//245 246//246 215//215
f 215//215 246//246 216//216
f 246//246 247//247 216//216
f 216//216 247//247 217//217
f 247//247 248//248 217//217
f 218//218 249//249 219//219
f 249//249 250//250 219//219
f 219//219 250//250 220//220
f 250//250 251//251 220//220
f 220//220 251//251 221//221
f 251//251 252//252 221//221
f 221//221 252//252 222//222
f 252//252 253//253 222//222
f 222//222 253//253 223//223
f 253//253 254//254 223//223
f 223//223 254//254 224//224
f 254//254 255//255 224//224
f 224//224 255//255 225//225
f 255//255 256//256 225//225
f 225//225 256//256 226//226
f 256//256 257//257 226//226
f 226//226 257//257 227//227
f 257//257 258//258 227//227
f 227//227 258//258 228//228
f 258//258 259//259 228//228
f 228//228 259//259 229//229
f 259//259 260//260 229//229
f 229//229 260//260 230//230
f 260//260 261//261 230//230
f 230//230 261//261 231//231
f 261//261 262//262 231//231
f 231//231 262//262 232//232
f 262//262 263//263 232//232
f 232//232 263//263 233//233
f 263//263 264//264 233//233
f 233//233 264//264 234//234
f 264//264 265//265 234//234
f 234//234 265//265 235//235
f 265//265 266//266 235//235
f 235//235 266//266 236//236
f 266//266 267//267 236//236
f 236//236 267//267 237//237
f 267//267 268//268 237//237
f 237//237 268//268 238//238
f 268//268 269//269 238//238
f 238//238 269//269 239//239
f 269//269 270//270 239//239
f 239//239 270//270 240//240
f 270//270 271//271 240//240
f 240//240 271//271 241//241
f 271//271 272//272 241//241
f 241//241 272//272 242//242
f 272//272 273//273 242//242
f 242//242 273//273 243//243
f 273//273 274//274 243//243
f 243//243 274//274 244//244
f 274//274 275//275 244//244
f 244//244 275//275 245//245
f 275//275 276//276 245//245
f 245//245 276//276 246//246
f 276//276 277//277 246//246
f 246//246 277//277 247//247
f 277//277 278//278 247//247
f 247//247 278//278 248//248
f 278//278 279//279 248//248
f 249//249 280//280 250//250
f 280//280 281//281 250//250
f 250//250 281//281 251//251
f 281//281 282//282 251//251
f 251//251 282//282 252//252
f 282//282 283//283 252//252
f 252//252 283//283 253//253
f 283//283 284//284 253//253
f 253//253 284//284 254//254
f 284//284 285//285 254//254
f 254//254 285//285 255//255
f 285//285 286//286 255//255
f 255//255 286//286 256//256
f 286//286 287//287 256//256
f 256//256 287//287 257//257
f 287//287 288//288 257//257
f 257//257 288//288 258//258
f 288//288 289//289 258//258
f 258//258 289//289 259//259
f 289//289 290//290 259//259
f 259//259 290//290 260//260
f 290//290 291//291 260//260
f 260//260 291//291 261//261
f 291//291 292//292 261//261
f 261//261 292//292 262//262
f 292//292 293//293 262//262
f 262//262 293//293 263//263
f 293//293 294//294 263//263
f 263//263 294//294 264//264
f 294//294 295//295 264//264
f 264//264 295//295 265//265
f 295//295 296//296 265//265
f 265//265 296//296 266//266
f 296//296 297//297 266//266
f 266//266 297//297 267//267
f 297//297 298//298 267//267
f 267//267 298//298 268//268
f 298//298 299//299 268//268
f 268//268 299//299 269//269
f 299//299 300//300 269//269
f 269//269 300//300 270//270
f 300//300 301//301 270//270
f 270//270 301//301 271//271
f 301//301 302//302 271//271
f 271//271 302//302 272//272
f 302//302 303//303 272//272
f 272//272 303//303 273//273
f 303//303 304//304 273//273
f 273//273 304//304 274//274
f 304//304 305//305 274//274
f 274//274 305//305 275//275
f 305//305 306//306 275//275
f 275//275 306//306 276//276
f 306//306 307//307 276//276
f 276//276 307//307 277//277
f 307//307 308//308 277//277
f 277//277 308//308 278//278
f 308//308 309//309 278//278
f 278//278 309//309 279//279
f 309//309 310//310 279//279
f 280//280 311//311 281//281
f 311//311 312//312 281//281
f 281//281 312//312 282//282
f 312//312 313//313 282//282
f 282//282 313//313 283//283
f 313//313 314//314 283//283
f 283//283 314//314 284//284
f 314//314 315//315 284//284
f 284//284 315//315 285//285
f 315//315 316//316 285//285
f 285//285 316//316 286//286
f 316//316 317//317 286//286
f 286//286 317//317 287//287
f 317//317 318//318 287//287
f 287//287 318//318 288//288
f 318//318 319//319 288//288
f 288//288 319//319 289//289
f 319//319 320//320 289//289
f 289//289 320//320 290//290
f 320//320 321//321 290//290
f 290//290 321//321 291//291
f 321//321 322//322 291//291
f 291//291 322//322 292//292
f 322//322 323//323 292//292
f 292//292 323//323 293//293
f 323//323 324//324 293//293
f 293//293 324//324 294//294
f 324//324 325//325 294//294
f 294//294 325//325 295//295
f 325//325 326//326 295//295
f 295//295 326//326 296//296
f 326//326 327//327 296//296
f 296//296 327//327 297//297
f 327//327 328//328 297//297
f 297//297 328//328 298//298
f 328//328 329//329 298//298
f 298//298 329//329 299//299
f 329//329 330//330 299//299
f 299//299 330//330 300//300
f 330//330 331//331 300//300
f 300//300 331//331 301//301
f 331//331 332//332 301//301
f 301//301 332//332 302//302
f 332//332 333//333 302//302
f 302//302 333//333 303//303
f 333//333 334//334 303//303
f 303//303 334//334 304//304
f 334//334 335//335 304//304
f 304//304 335//335 305//305
f 335//335 336//336 305//305
f 305//305 336//336 306//306
f 336//336 337//337 306//306
f 306//306 337//337 307//307
f 337//337 338//338 307//307
f 307//307 338//338 308//308
f 338//338 339//339 308//308
f 308//308 339//339 309//309
f 339//339 340//340 309//309
f 309//309 340//340 310//310
f 340//340 341//341 310//310
f 311//311 342//342 312//312
f 342//342 343//343 312//312
f 312//312 343//343 313//313
f 343//343 344//344 313//313
f 313//313 344//344 314//314
f 344//344 345//345 314//314
f 314//314 345//345 315//315
f 345//345 346//346 315//315
f 315//315 346//346 316//316
f 346//346 347//347 316//316
f 316//316 347//347 317//317
f 347//347 348//348 317//317
f 317//317 348//348 318//318
f 348//348 349//349 318//318
f 318//318 349//349 319//319
f 349//349 350//350 319//319
f 319//319 350//350 320//320
f 350//350 351//351 320//320
f 320//320 351//351 321//321
f 351//351 352//352 321//321
f 321//321 352//352 322//322
f 352//352 353//353 322//322
f 322//322 353//353 323//323
f 353//353 354//354 323//323
f 323//323 354//354 324//324
f 354//354 355//355 324//324
f 324//324 355//355 325//325
f 355//355 356//356 325//325
f 325//325 356//356 326//326
f 356//356 357//357 326//326
f 326//326 357//357 327//327
f 357//357 358//358 327//327
f 327//327 358//358 328//328
f 358//358 359//359 328//328
f 328//328 359//359 329//329
f 359//359 360//360 329//329
f 329//329 360//360 330//330
f 360//360 361//361 330//330
f 330//330 361//361 331//331
f 361//361 362//362 331//331
f 331//331 362//362 332//332
f 362//362 363//363 332//332
f 332//332 363//363 333//333
f 363//363 364//364 333//333
f 333//333 364//364 334//334
f 364//364 365//365 334//334
f 334//334 365//365 335//335
f 365//365 366//366 335//335
f 335//335 366//366 336//336
f 366//366 367//367 336//336
f 336//336 367//367 337//337
f 367//367 368//368 337//337
f 337//337 368//368 338//338
f 368//368 369//369 338//338
f 338//338 369//369 339//339
f 369//369 370//370 339//339
f 339//339 370//370 340//340
f 370//370 371//371 340//340
f 340//340 371//371 341//341
f 371//371 372//372 341//341
f 342//342 373//373 343//343
f 373//373 374//374 343//343
f 343//343 374//374 344//344
f 374//374 375//375 344//344
f 344//344 375//375 345//345
f 375//375 376//376 345//345
f 345//345 376//376 346//346
f 376//376 377//377 346//346
f 346//346 377//377 347//347
f 377//377 378//378 347//347
f 347//347 378//378 348//348
f 378//378 379//379 348//348
f 348//348 379//379 349//349
f 379//379 380//380 349//349
f 349//349 380//380 350//350
f 380//380 381//381 350//350
f 350//350 381//381 351//351
f 381//381 382//382 351//351
f 351//351 382//382 352//352
f 382//382 383//383 352//352
f 352//352 383//383 353//353
f 383//383 384//384 353//353
f 353//353 384//384 354//354
f 384//384 385//385 354//354
f 354//354 385//385 355//355
f 385//385 386//386 355//355
f 355//355 386//386 356//356
f 386//386 387//387 356//356
f 356//356 387//387 357//357
f 387//387 388//388 357//357
f 357//357 388//388 358//358
f 388//388 389//389 358//358
f 358//358 389//389 359//359
f 389//389 390//390 359//359
f 359//359 390//390 360//360
f 390//390 391//391 360//360
f 360//360 391//391 361//361
f 391//391 392//392 361//361
f 361//361 392//392 362//362
f 392//392 393//393 362//362
f 362//362 393//393 363//363
f 393//393 394//394 363//363
f 363//363 394//394 364//364
f 394//394 395//395 364//364
f 364//364 395//395 365//365
f 395//395 396//396 365//365
f 365//365 396//396 366//366
f 396//396 397//397 366//366
f 366//366 397//397 367//367
f 397//397 398//398 367//367
f 367//367 398//398 368//368
f 398//398 399//399 368//368
f 368//368 399//399 369//369
f 399//399 400//400 369//369
f 369//369 400//400 370//370
f 400//400 401//401 370//370
f 370//370 401//401 371//371
f 401//401 402//402 371//371
f 371//371 402//402 372//372
f 402//402 403//403 372//372
f 373//373 404//404 374//374
f 404//404 405//405 374//374
f 374//374 405//405 375//375
f 405//405 406//406 375//375
f 375//375 406//406 376//376
f 406//406 407//407 376//376
f 376//376 407//407 377//377
f 407//407 408//408 377//377
f 377//377 408//408 378//378
f 408//408 409//409 378//378
f 378//378 409//409 379//379
f 409//409 410//410 379//379
f 379//379 410//410 380//380
f 410//410 411//411 380//380
f 380//380 411//411 381//381
f 411//411 412//412 381//381
f 381//381 412//412 382//382
f 412//412 413//413 382//382
f 382//382 413//413 383//383
f 413//413 414//414 383//383
f 383//383 414//414 384//384
f 414//414 415//415 384//384
f 384//384 415//415 385//385
f 415//415 416//416 385//385
f 385//385 416//416 386//386
f 416//416 417//417 386//386
f 386//386 417//417 387//387
f 417//417 418//418 387//387
f 387//387 418//418 388//388
f 418//418 419//419 388//388
f 388//388 419//419 389//389
f 419//419 420//420 389//389
f 389//389 420//420 390//390
f 420//420 421//421 390//390
f 390//390 421//421 391//391
f 421//421 422//422 391//391
f 391//391 422//422 392//392
f 422//422 423//423 392//392
f 392//392 423//423 393//393
f 423//423 424//424 393//393
f 393//393 424//424 394//394
f 424//424 425//425 394//394
f 394//394 425//425 395//395
f 425//425 426//426 395//395
f 395//395 426//426 396//396
f 426//426 427//427 396//396
f 396//396 427//427 397//397
f 427//427 428//428 397//397
f 397//397 428//428 398//398
f 428//428 429//429 398//398
f 398//398 429//429 399//399
f 429//429 430//430 399//399
f 399//399 430//430 400//400
f 430//430 431//431 400//400
f 400//400 431//431 401//401
f 431//431 432//432 401//401
f 401//401 432//432 402//402
f 432//432 433//433 402//402
f 402//402 433//433 403//403
f 433//433 434//434 403//403
f 404//404 435//435 405//405
f 435//435 436//436 405//405
f 405//405 436//436 406//406
f 436//436 437//437 406//406
f 406//406 437//437 407//407
f 437//437 438//438 407//407
f 407//407 438//438 408//408
f 438//438 439//439 408//408
f 408//408 439//439 409//409
f 439//439 440//440 409//409
f 409//409 440//440 410//410
f 440//440 441//441 410//410
f 410//410 441//441 411//411
f 441//441 442//442 411//411
f 411//411 442//442 412//412
f 442//442 443//443 412//412
f 412//412 443//443 413//413
f 443//443 444//444 413//413
f 413//413 444//444 414//414
f 444//444 445//445 414//414
f 414//414 445//445 415//415
f 445//445 446//446 415//415
f 415//415 446//446 416//416
f 446//446 447//447 416//416
f 416//416 447//447 417//417
f 447//447 448//448 417//417
f 417//417 448//448 418//418
f 448//448 449//449 418//418
f 418//418 449//449 419//419
f 449//449 450//450 419//419
f 419//419 450//450 420//420
f 450//450 451//451 420//420
f 420//420 451//451 421//421
f 451//451 452//452 421//421
f 421//421 452//452 422//422
f 452//452 453//453 422//422
f 422//422 453//453 423//423
f 453//453 454//454 423//423
f 423//423 454//454 424//424
f 454//454 455//455 424//424
f 424//424 455//455 425//425
f 455//455 456//456 425//425
f 425//425 456//456 426//426
f 456//456 457//457 426//426
f 426//426 457//457 427//427
f 457//457 458//458 427//427
f 427//427 458//458 428//428
f 458//458 459//459 428//428
f 428//428 459//459 429//429
f 459//459 460//460 429//429
f 429//429 460//460 430//430
f 460//460 461//461 430//430
f 430//430 461//461 431//431
f 461//461 462//462 431//431
f 431//431 462//462 432//432
f 462//462 463//463 432//432
f 432//432 463//463 433//433
f 463//463 464//464 433//433
f 433//433 464//464 434//434
f 464//464 465//465 434//434
f 435//435 466//466 436//436
f 466//466 467//467 436//436
f 436//436 467//467 437//437
f 467//467 468//468 437//437
f 437//437 468//468 438//438
f 468//468 469//469 438//438
f 438//438 469//469 439//439
f 469//469 470//470 439//439
f 439//439 470//470 440//440
f 470//470 471//471 440//440
f 440//440 471//471 441//441
f 471//471 472//472 441//441
f 441//441 472//472 442//442
f 472//472 473//473 442//442
f 442//442 473//473 443//443
f 473//473 474//474 443//443
f 443//443 474//474 444//444
f 474//474 475//475 444//444
f 444//444 475//475 445//445
f 475//475 476//476 445//445
f 445//445 476//476 446//446
f 476//476 477//477 446//446
f 446//446 477//477 447//447
f 477//477 478//478 447//447
f 447//447 478//478 448//448
f 478//478 479//479 448//448
f 448//448 479//479 449//449
f 479//479 480//480 449//449
f 449//449 480//480 450//450
f 480//480 481//481 450//450
f 450//450 481//481 451//451
f 481//481 482//482 451//451
f 451//451 482//482 452//452
f 482//482 483//483 452//452
f 452//452 483//483 453//453
f 483//483 484//484 453//453
f 453//453 484//484 454//454
f 484//484 485//485 454//454
f 454//454 485//485 455//455
f 485//485 486//486 455//455
f 455//455 486//486 456//456
f 486//486 487//487 456//456
f 456//456 487//487 457//457
f 487//487 488//488 457//457
f 457//457 488//488 458//458
f 488//488 489//489 458//458
f 458//458 489//489 459//459
f 489//489 490//490 459//459
f 459//459 490//490 460//460
f 490//490 491//491 460//460
f 460//460 491//491 461//461
f 491//491 492//492 461//461
f 461//461 492//492 462//462
f 492//492 493//493 462//462
f 462//462 493//493 463//463
f 493//493 494//494 463//463
f 463//463 494//494 464//464
f 494//494 495//495 464//464
f 464//464 495//495 465//465
f 495//495 496//496 465//465
f 466//466 497//497 467//467
f 497//497 498//498 467//467
f 467//467 498//498 468//468
f 498//498 499//499 468//468
f 468//468 499//499 469//469
f 499//499 500//500 469//469
f 469//469 500//500 470//470
f 500//500 501//501 470//470
f 470//470 501//501 471//471
f 501//501 502//502 471//471
f 471//471 502//502 472//472
f 502//502 503//503 472//472
f 472//472 503//503 473//473
f 503//503 504//504 473//473
f 473//473 504//504 474//474
f 504//504 505//505 474//474
f 474//474 505//505 475//475
f 505//505 506//506 475//475
f 475//475 506//506 476//476
f 506//506 507//507 476//476
f 476//476 507//507 477//477
f 507//507 508//508 477//477
f 477//477 508//508 478//478
f 508//508 509//509 478//478
f 478//478 509//509 479//479
f 509//509 510//510 479//479
f 479//479 510//510 480//480
f 510//510 511//511 480//480
f 480//480 511//511 481//481
f 511//511 512//512 481//481
f 481//481 512//512 482//482
f 512//512 513//513 482//482
f 482//482 513//513 483//483
f 513//513 514//514 483//483
f 483//483 514//514 484//484
f 514//514 515//515 484//484
f 484//484 515//515 485//485
f 515//515 516//516 485//485
f 485//485 516//516 486//486
f 516//516 517//517 486//486
f 486//486 517//517 487//487
f 517//517 518//518 487//487
f 487//487 518//518 488//488
f 518//518 519//519 488//488
f 488//488 519//519 489//489
f 519//519 520//520 489//489
f 489//489 520//520 490//490
f 520//520 521//521 490//490
f 490//490 521//521 491//491
f 521//521 522//522 491//491
f 491//491 522//522 492//492
f 522//522 523//523 492//492
f 492//492 523//523 493//493
f 523//523 524//524 493//493
f 493//493 524//524 494//494
f 524//524 525//525 494//494
f 494//494 525//525 495//495
f 525//525 526//526 495//495
f 495//495 526//526 496//496
f 526//526 527//527 496//496
f 497//497 528//528 498//498
f 528//528 529//529 498//498
f 498//498 529//529 499//499
f 529//529 530//530 499//499
f 499//499 530//530 500//500
f 530//530 531//531 500//500
f 500//500 531//531 501//501
f 531//531 532//532 501//501
f 501//501 532//532 502//502
f 532//532 533//533 502//502
f 502//502 533//533 503//503
f 533//533 534//534 503//503
f 503//503 534//534 504//504
f 534//534 535//535 504//504
f 504//504 535//535 505//505
f 535//535 536//536 505//505
f 505//505 536//536 506//506
f 536//536 537//537 506//506
f 506//506 537//537 507//507
f 537//537 538//538 507//507
f 507//507 538//538 508//508
f 538//538 539//539 508//508
f 508//508 539//539 509//509
f 539//539 540//540 509//509
f 509//509 540//540 510//510
f 540//540 541//541 510//510
f 510//510 541//541 511//511
f 541//541 542//542 511//511
f 511//511 542//542 512//512
f 542//542 543//543 512//512
f 512//512 543//543 513//513
f 543//543 544//544 513//513
f 513//513 544//544 514//514
f 544//544 545//545 514//514
f 514//514 545//545 515//515
f 545//545 546//546 515//515
f 515//515 546//546 516//516
f 546//546 547//547 516//516
f 516//516 547//547 517//517
f 547//547 548//548 517//517
f 517//517 548//548 518//518
f 548//548 549//549 518//518
f 518//518 549//549 519//519
f 549//549 550//550 519//519
f 519//519 550//550 520//520
f 550//550 551//551 520//520
f 520//520 551//551 521//521
f 551//551 552//552 521//521
f 521//521 552//552 522//522
f 552//552 553//553 522//522
f 522//522 553//553 523//523
f 553//553 554//554 523//523
f 523//523 554//554 524//524
f 554//554 555//555 524//524
f 524//524 555//555 525//525
f 555//555 556//556 525//525
f 525//525 556//556 526//526
f 556//556 557//557 526//526
f 526//526 557//557 527//527
f 557//557 558//558 527//527
f 528//528 559//559 529//529
f 559//559 560//560 529//529
f 529//529 560//560 530//530
f 560//560 561//561 530//530
f 530//530 561//561 531//531
f 561//561 562//562 531//531
f 531//531 562//562 532//532
f 562//562 563//563 532//532
f 532//532 563//563 533//533
f 563//563 564//564 533//533
f 533//533 564//564 534//534
f 564//564 565//565 534//534
f 534//534 565//565 535//535
f 565//565 566//566 535//535
f 535//535 566//566 536//536
f 566//566 567//567 536//536
f 536//536 567//567 537//537
f 567//567 568//568 537//537
f 537//537 568//568 538//538
f 568//568 569//569 538//538
f 538//538 569//569 539//539
f 569//569 570//570 539//539
f 539//539 570//570 540//540
f 570//570 571//571 540//540
f 540//540 571//571 541//541
f 571//571 572//572 541//541
f 541//541 572//572 542//542
f 572//572 573//573 542//542
f 542//542 573//573 543//543
f 573//573 574//574 543//543
f 543//543 574//574 544//544
f 574//574 575//575 544//544
f 544//544 575//575 545//545
f 575//575 576//576 545//545
f 545//545 576//576 546//546
f 576//576 577//577 546//546
f 546//546 577//577 547//547
f 577//577 578//578 547//547
f 547//547 578//578 548//548
f 578//578 579//579 548//548
f 548//548 579//579 549//549
f 579//579 580//580 549//549
f 549//549 580//580 550//550
f 580//580 581//581 550//550
f 550//550 581//581 551//551
f 581//581 582//582 551//551
f 551//551 582//582 552//552
f 582//582 583//583 552//552
f 552//552 583//583 553//553
f 583//583 584//584 553//553
f 553//553 584//584 554//554
f 584//584 585//585 554//554
f 554//554 585//585 555//555
f 585//585 586//586 555//555
f 555//555 586//586 556//556
f 586//586 587//587 556//556
f 556//556 587//587 557//557
f 587//587 588//588 557//557
f 557//557 588//588 558//558
f 588//588 589//589 558//558
f 559//559 590//590 560//560
f 590//590 591//591 560//560
f 560//560 591//591 561//561
f 591//591 592//592 561//561
f 561//561 592//592 562//562
f 592//592 593//593 562//562
f 562//562 593//593 563//563
f 593//593 594//594 563//563
f 563//563 594//594 564//564
f 594//594 595//595 564//564
f 564//564 595//595 565//565
f 595//595 596//596 565//565
f 565//565 596//596 566//566
f 596//596 597//597 566//566
f 566//566 597//597 567//567
f 597//597 598//598 567//567
f 567//567 598//598 568//568
f 598//598 599//599 568//568
f 568//568 599//599 569//569
f 599//599 600//600 569//569
f 569//569 600//600 570//570
f 600//600 601//601 570//570
f 570//570 601//601 571//571
f 601//601 602//602 571//571
f 571//571 602//602 572//572
f 602//602 603//603 572//572
f 572//572 603//603 573//573
f 603//603 604//604 573//573
f 573//573 604//604 574//574
f 604//604 605//605 574//574
f 574//574 605//605 575//575
f 605//605 606//606 575//575
f 575//575 606//606 576//576
f 606//606 607//607 576//576
f 576//576 607//607 577//577
f 607//607 608//608 577//577
f 577//577 608//608 578//578
f 608//608 609//609 578//578
f 578//578 609//609 579//579
f 609//609 610//610 579//579
f 579//579 610//610 580//580
f 610//610 611//611 580//580
f 580//580 611//611 581//581
f 611//611 612//612 581//581
f 581//581 612//612 582//582
f 612//612 613//613 582//582
f 582//582 613//613 583//583
f 613//613 614//614 583//583
f 583//583 614//614 584//584
f 614//614 615//615 584//584
f 584//584 615//615 585//585
f 615//615 616//616 585//585
f 585//585 616//616 586//586
f 616//616 617//617 586//586
f 586//586 617//617 587//587
f 617//617 618//618 587//587
f 587//587 618//618 588//588
f 618//618 619//619 588//588
f 588//588 619//619 589//589
f 619//619 620//620 589//589
f 590//590 621//621 591//591
f 621//621 622//622 591//591
f 591//591 622//622 592//592
f 622//622 623//623 592//592
f 592//592 623//623 593//593
f 623//623 624//624 593//593
f 593//593 624//624 594//594
f 624//624 625//625 594//594
f 594//594 625//625 595//595
f 625//625 626//626 595//595
f 595//595 626//626 596//596
f 626//626 627//627 596//596
f 596//596 627//627 597//597
f 627//627 628//628 597//597
f 597//597 628//628 598//598
f 628//628 629//629 598//598
f 598//598 629//629 599//599
f 629//629 630//630 599//599
f 599//599 630//630 600//600
f 630//630 631//631 600//600
f 600//600 631//631 601//601
f 631//631 632//632 601//601
f 601//601 632//632 602//602
f 632//632 633//633 602//602
f 602//602 633//633 603//603
f 633//633 634//634 603//603
f 603//603 634//634 604//604
f 634//634 635//635 604//604
f 604//604 635//635 605//605
f 635//635 636//636 605//605
f 605//605 636//636 606//606
f 636//636 637//637 606//606
f 606//606 637//637 607//607
f 637//637 638//638 607//607
f 607//607 638//638 608//608
f 638//638 639//639 608//608
f 608//608 639//639 609//609
f 639//639 640//640 609//609
f 609//609 640//640 610//610
f 640//640 641//641 610//610
f 610//610 641//641 611//611
f 641//641 642//642 611//611
f 611//611 642//642 612//612
f 642//642 643//643 612//612
f 612//612 643//643 613//613
f 643//643 644//644 613//613
f 613//613 644//644 614//614
f 644//644 645//645 614//614
f 614//614 645//645 615//615
f 645//645 646//646 615//615
f 615//615 646//646 616//616
f 646//646 647//647 616//616
f 616//616 647//647 617//617
f 647//647 648//648 617//617
f 617//617 648//648 618//618
f 648//648 649//649 618//618
f 618//618 649//649 619//619
f 649//649 650//650 619//619
f 619//619 650//650 620//620
f 650//650 651//651 620//620
f 621//621 652//652 622//622
f 652//652 653//653 622//622
f 622//622 653//653 623//623
f 653//653 654//654 623//623
f 623//623 654//654 624//624
f 654//654 655//655 624//624
f 624//624 655//655 625//625
f 655//655 656//656 625//625
f 625//625 656//656 626//626
f 656//656 657//657 626//626
f 626//626 657//657 627//627
f 657//657 658//658 627//627
f 627//627 658//658 628//628
f 658//658 659//659 628//628
f 628//628 659//659 629//629
f 659//659 660//660 629//629
f 629//629 660//660 630//630
f 660//660 661//661 630//630
f 630//630 661//661 631//631
f 661//661 662//662 631//631
f 631//631 662//662 632//632
f 662//662 663//663 632//632
f 632//632 663//663 633//633
f 663//663 664//664 633//633
f 633//633 664//664 634//634
f 664//664 665//665 634//634
f 634//634 665//665 635//635
f 665//665 666//666 635//635
f 635//635 666//666 636//636
f 666//666 667//667 636//636
f 636//636 667//667 637//637
f 667//667 668//668 637//637
f 637//637 668//668 638//638
f 668//668 669//669 638//638
f 638//638 669//669 639//639
f 669//669 670//670 639//639
f 639//639 670//670 640//640
f 670//670 671//671 640//640
f 640//640 671//671 641//641
f 671//671 672//672 641//641
f 641//641 672//672 642//642
f 672//672 673//673 642//642
f 642//642 673//673 643//643
f 673//673 674//674 643//643
f 643//643 674//674 644//644
f 674//674 675//675 644//644
f 644//644 675//675 645//645
f 675//675 676//676 645//645
f 645//645 676//676 646//646
f 676//676 677//677 646//646
f 646//646 677//677 647//647
f 677//677 678//678 647//647
f 647//647 678//678 648//648
f 678//678 679//679 648//648
f 648//648 679//679 649//649
f 679//679 680//680 649//649
f 649//649 680//680 650//650
f 680//680 681//681 650//650
f 650//650 681//681 651//651
f 681//681 682//682 651//651
f 652//652 683//683 653//653
f 683//683 684//684 653//653
f 653//653 684//684 654//654
f 684//684 685//685 654//654
f 654//654 685//685 655//655
f 685//685 686//686 655//655
f 655//655 686//686 656//656
f 686//686 687//687 656//656
f 656//656 687//687 657//657
f 687//687 688//688 657//657
f 657//657 688//688 658//658
f 688//688 689//689 658//658
f 658//658 689//689 659//659
f 689//689 690//690 659//659
f 659//659 690//690 660//660
f 690//690 691//691 660//660
f 660//660 691//691 661//661
f 691//691 692//692 661//661
f 661//661 692//692 662//662
f 692//692 693//693 662//662
f 662//662 693//693 663//663
f 693//693 694//694 663//663
f 663//663 694//694 664//664
f 694//694 695//695 664//664
f 664//664 695//695 665//665
f 695//695 696//696 665//665
f 665//665 696//696 666//666
f 696//696 697//697 666//666
f 666//666 697//697 667//667
f 697//697 698//698 667//667
f 667//667 698//698 668//668
f 698//698 699//699 668//668
f 668//668 699//699 669//669
f 699//699 700//700 669//669
f 669//669 700//700 670//670
f 700//700 701//701 670//670
f 670//670 701//701 671//671
f 701//701 702//702 671//671
f 671//671 702//702 672//672
f 702//702 703//703 672//672
f 672//672 703//703 673//673
f 703//703 704//704 673//673
f 673//673 704//704 674//674
f 704//704 705//705 674//674
f 674//674 705//705 675//675
f 705//705 706//706 675//675
f 675//675 706//706 676//676
f 706//706 707//707 676//676
f 676//676 707//707 677//677
f 707//707 708//708 677//677
f 677//677 708//708 678//678
f 708//708 709//709 678//678
f 678//678 709//709 679//679
f 709//709 710//710 679//679
f 679//679 710//710 680//680
f 710//710 711//711 680//680
f 680//680 711//711 681//681
f 711//711 712//712 681//681
f 681//681 712//712 682//682
f 712//712 713//713 682//682
f 683//683 714//714 684//684
f 714//714 715//715 684//684
f 684//684 715//715 685//685
f 715//715 716//716 685//685
f 685//685 716//716 686//686
f 716//716 717//717 686//686
f 686//686 717//717 687//687
f 717//717 718//718 687//687
f 687//687 718//718 688//688
f 718//718 719//719 688//688
f 688//688 719//719 689//689
f 719//719 720//720 689//689
f 689//689 720//720 690//690
f 720//720 721//721 690//690
f 690//690 721//721 691//691
f 721//721 722//722 691//691
f 691//691 722//722 692//692
f 722//722 723//723 692//692
f 692//692 723//723 693//693
f 723//723 724//724 693//693
f 693//693 724//724 694//694
f 724//724 725//725 694//694
f 694//694 725//725 695//695
f 725//725 726//726 695//695
f 695//695 726//726 696//696
f 726//726 727//727 696//696
f 696//696 727//727 697//697
f 727//727 728//728 697//697
f 697//697 728//728 698//698
f 728//728 729//729 698//698
f 698//698 729//729 699//699
f 729//729 730//730 699//699
f 699//699 730//730 700//700
f 730//730 731//731 700//700
f 700//700 731//731 701//701
f 731//731 732//732 701//701
f 701//701 732//732 702//702
f 732//732 733//733 702//702
f 702//702 733//733 703//703
f 733//733 734//734 703//703
f 703//703 734//734 704//704
f 734//734 735//735 704//704
f 704//704 735//735 705//705
f 735//735 736//736 705//705
f 705//705 736//736 706//706
f 736//736 737//737 706//706
f 706//706 737//737 707//707
f 737//737 738//738 707//707
f 707//707 738//738 708//708
f 738//738 739//739 708//708
f 708//708 739//739 709//709
f 739//739 740//740 709//709
f 709//709 740//740 710//710
f 740//740 741//741 710//710
f 710//710 741//741 711//711
f 741//741 742//742 711//711
f 711//711 742//742 712//712
f 742//742 743//743 712//712
f 712//712 743//743 713//713
f 743//743 744//744 713//713
f 714//714 745//745 715//715
f 745//745 746//746 715//715
f 715//715 746//746 716//716
f 746//746 747//747 716//716
f 716//716 747//747 717//717
f 747//747 748//748 717//717
f 717//717 748//748 718//718
f 748//748 749//749 718//718
f 718//718 749//749 719//719
f 749//749 750//750 719//719
f 719//719 750//750 720//720
f 750//750 751//751 720//720
f 720//720 751//751 721//721
f 751//751 752//752 721//721
f 721//721 752//752 722//722
f 752//752 753//753 722//722
f 722//722 753//753 723//723
f 753//753 754//754 723//723
f 723//723 754//754 724//724
f 754//754 755//755 724//724
f 724//724 755//755 725//725
f 755//755 756//756 725//725
f 725//725 756//756 726//726
f 756//756 757//757 726//726
f 726//726 757//757 727//727
f 757//757 758//758 727//727
f 727//727 758//758 728//728
f 758//758 759//759 728//728
f 728//728 759//759 729//729
f 759//759 760//760 729//729
f 729//729 760//760 730//730
f 760//760 761//761 730//730
f 730//730 761//761 731//731
f 761//761 762//762 731//731
f 731//731 762//762 732//732
f 762//762 763//763 732//732
f 732//732 763//763 733//733
f 763//763 764//764 733//733
f 733//733 764//764 734//734
f 764//764 765//765 734//734
f 734//734 765//765 735//735
f 765//765 766//766 735//735
f 735//735 766//766 736//736
f 766//766 767//767 736//736
f 736//736 767//767 737//737
f 767//767 768//768 737//737
f 737//737 768//768 738//738
f 768//768 769//769 738//738
f 738//738 769//769 739//739
f 769//769 770//770 739//739
f 739//739 770//770 740//740
f 770//770 771//771 740//740
f 740//740 771//771 741//741
f 771//771 772//772 741//741
f 741//741 772//772 742//742
f 772//772 773//773 742//742
f 742//742 773//773 743//743
f 773//773 774//774 743//743
f 743//743 774//774 744//744
f 774//774 775//775 744//744
f 745//745 776//776 746//746
f 776//776 777//777 746//746
f 746//746 777//777 747//747
f 777//777 778//778 747//747
f 747//747 778//778 748//748
f 778//778 779//779 748//748
f 748//748 779//779 749//749
f 779//779 780//780 749//749
f 749//749 780//780 750//750
f 780//780 781//781 750//750
f 750//750 781//781 751//751
f 781//781 782//782 751//751
f 751//751 782//782 752//752
f 782//782 783//783 752//752
f 752//752 783//783 753//753
f 783//783 784//784 753//753
f 753//753 784//784 754//754
f 784//784 785//785 754//754
f 754//754 785//785 755//755
f 785//785 786//786 755//755
f 755//755 786//786 756//756
f 786//786 787//787 756//756
f 756//756 787//787 757//757
f 787//787 788//788 757//757
f 757//757 788//788 758//758
f 788//788 789//789 758//758
f 758//758 789//789 759//759
f 789//789 790//790 759//759
f 759//759 790//790 760//760
f 790//790 791//791 760//760
f 760//760 791//791 761//761
f 791//791 792//792 761//761
f 761//761 792//792 762//762
f 792//792 793//793 762//762
f 762//762 793//793 763//763
f 793//793 794//794 763//763
f 763//763 794//794 764//764
f 794//794 795//795 764//764
f 764//764 795//795 765//765
f 795//795 796//796 765//765
f 765//765 796//796 766//766
f 796//796 797//797 766//766
f 766//766 797//797 767//767
f 797//797 798//798 767//767
f 767//767 798//798 768//768
f 798//798 799//799 768//768
f 768//768 799//799 769//769
f 799//799 800//800 769//769
f 769//769 800//800 770//770
f 800//800 801//801 770//770
f 770//770 801//801 771//771
f 801//801 802//802 771//771
f 771//771 802//802 772//772
f 802//802 803//803 772//772
f 772//772 803//803 773//773
f 803//803 804//804 773//773
f 773//773 804//804 774//774
f 804//804 805//805 774//774
f 774//774 805//805 775//775
f 805//805 806//806 775//775
f 776//776 807//807 777//777
f 807//807 808//808 777//777
f 777//777 808//808 778//778
f 808//808 809//809 778//778
f 778//778 809//809 779//779
f 809//809 810//810 779//779
f 779//779 810//810 780//780
f 810//810 811//811 780//780
f 780//780 811//811 781//781
f 811//811 812//812 781//781
f 781//781 812//812 782//782
f 812//812 813//813 782//782
f 782//782 813//813 783//783
f 813//813 814//814 783//783
f 783//783 814//814 784//784
f 814//814 815//815 784//784
f 784//784 815//815 785//785
f 815//815 816//816 785//785
f 785//785 816//816 786//786
f 816//816 817//817 786//786
f 786//786 817//817 787//787
f 817//817 818//818 787//787
f 787//787 818//818 788//788
f 818//818 819//819 788//788
f 788//788 819//819 789//789
f 819//819 820//820 789//789
f 789//789 820//820 790//790
f 820//820 821//821 790//790
f 790//790 821//821 791//791
f 821//821 822//822 791//791
f 791//791 822//822 792//792
f 822//822 823//823 792//792
f 792//792 823//823 793//793
f 823//823 824//824 793//793
f 793//793 824//824 794//794
f 824//824 825//825 794//794
f 794//794 825//825 795//795
f 825//825 826//826 795//795
f 795//795 826//826 796//796
f 826//826 827//827 796//796
f 796//796 827//827 797//797
f 827//827 828//828 797//797
f 797//797 828//828 798//798
f 828//828 829//829 798//798
f 798//798 829//829 799//799
f 829//829 830//830 799//799
f 799//799 830//830 800//800
f 830//830 831//831 800//800
f 800//800 831//831 801//801
f 831//831 832//832 801//801
f 801//801 832//832 802//802
f 832//832 833//833 802//802
f 802//802 833//833 803//803
f 833//833 834//834 803//803
f 803//803 834//834 804//804
f 834//834 835//835 804//804
f 804//804 835//835 805//805
f 835//835 836//836 805//805
f 805//805 836//836 806//806
f 836//836 837//837 806//806
f 807//807 838//838 808//808
f 838//838 839//839 808//808
f 808//808 839//839 809//809
f 839//839 840//840 809//809
f 809//809 840//840 810//810
f 840//840 841//841 810//810
f 810//810 841//841 811//811
f 841//841 842//842 811//811
f 811//811 842//842 812//812
f 842//842 843//843 812//812
f 812//812 843//843 813//813
f 843//843 844//844 813//813
f 813//813 844//844 814//814
f 844//844 845//845 814//814
f 814//814 845//845 815//815
f 845//845 846//846 815//815
f 815//815 846//846 816//816
f 846//846 847//847 816//816
f 816//816 847//847 817//817
f 847//847 848//848 817//817
f 817//817 848//848 818//818
f 848//848 849//849 818//818
f 818//818 849//849 819//819
f 849//849 850//850 819//819
f 819//819 850//850 820//820
f 850//850 851//851 820//820
f 820//820 851//851 821//821
f 851//851 852//852 821//821
f 821//821 852//852 822//822
f 852//852 853//853 822//822
f 822//822 853//853 823//823
f 853//853 854//854 823//823
f 823//823 854//854 824//824
f 854//854 855//855 824//824
f 824//824 855//855 825//825
f 855//855 856//856 825//825
f 825//825 856//856 826//826
f 856//856 857//857 826//826
f 826//826 857//857 827//827
f 857//857 858//858 827//827
f 827//827 858//858 828//828
f 858//858 859//859 828//828
f 828//828 859//859 829//829
f 859//859 860//860 829//829
f 829//829 860//860 830//830
f 860//860 861//861 830//830
f 830//830 861//861 831//831
f 861//861 862//862 831//831
f 831//831 862//862 832//832
f 862//862 863//863 832//832
f 832//832 863//863 833//833
f 863//863 864//864 833//833
f 833//833 864//864 834//834
f 864//864 865//865 834//834
f 834//834 865//865 835//835
f 865//865 866//866 835//835
f 835//835 866//866 836//836
f 866//866 867//867 836//836
f 836//836 867//867 837//837
f 867//867 868//868 837//837
f 838//838 869//869 839//839
f 869//869 870//870 839//839
f 839//839 870//870 840//840
f 870//870 871//871 840//840
f 840//840 871//871 841//841
f 871//871 872//872 841//841
f 841//841 872//872 842//842
f 872//872 873//873 842//842
f 842//842 873//873 843//843
f 873//873 874//874 843//843
f 843//843 874//874 844//844
f 874//874 875//875 844//844
f 844//844 875//875 845//845
f 875//875 876//876 845//845
f 845//845 876//876 846//846
f 876//876 877//877 846//846
f 846//846 877//877 847//847
f 877//877 878//878 847//847
f 847//847 878//878 848//848
f 878//878 879//879 848//848
f 848//848 879//879 849//849
f 879//879 880//880 849//849
f 849//849 880//880 850//850
f 880//880 881//881 850//850
f 850//850 881//881 851//851
f 881//881 882//882 851//851
f 851//851 882//882 852//852
f 882//882 883//883 852//852
f 852//852 883//883 853//853
f 883//883 884//884 853//853
f 853//853 884//884 854//854
f 884//884 885//885 854//854
f 854//854 885//885 855//855
f 885//885 886//886 855//855
f 855//855 886//886 856//856
f 886//886 887//887 856//856
f 856//856 887//887 857//857
f 887//887 888//888 857//857
f 857//857 888//888 858//858
f 888//888 889//889 858//858
f 858//858 889//889 859//859
f 889//889 890//890 859//859
f 859//859 890//890 860//860
f 890//890 891//891 860//860
f 860//860 891//891 861//861
f 891//891 892//892 861//861
f 861//861 892//892 862//862
f 892//892 893//893 862//862
f 862//862 893//893 863//863
f 893//893 894//894 863//863
f 863//863 894//894 864//864
f 894//894 895//895 864//864
f 864//864 895//895 865//865
f 895//895 896//896 865//865
f 865//865 896//896 866//866
f 896//896 897//897 866//866
f 866//866 897//897 867//867
f 897//897 898//898 867//867
f 867//867 898//898 868//868
f 898//898 899//899 868//868
f 869//869 900//900 870//870
f 900//900 901//901 870//870
f 870//870 901//901 871//871
f 901//901 902//902 871//871
f 871//871 902//902 872//872
f 902//902 903//903 872//872
f 872//872 903//903 873//873
f 903//903 904//904 873//873
f 873//873 904//904 874//874
f 904//904 905//905 874//874
f 874//874 905//905 875//875
f 905//905 906//906 875//875
f 875//875 906//906 876//876
f 906//906 907//907 876//876
f 876//876 907//907 877//877
f 907//907 908//908 877//877
f 877//877 908//908 878//878
f 908//908 909//909 878//878
f 878//878 909//909 879//879
f 909//909 910//910 879//879
f 879//879 910//910 880//880
f 910//910 911//911 880//880
f 880//880 911//911 881//881
f 911//911 912//912 881//881
f 881//881 912//912 882//882
f 912//912 913//913 882//882
f 882//882 913//913 883//883
f 913//913 914//914 883//883
f 883//883 914//914 884//884
f 914//914 915//915 884//884
f 884//884 915//915 885//885
f 915//915 916//916 885//885
f 885//885 916//916 886//886
f 916//916 917//917 886//886
f 886//886 917//917 887//887
f 917//917 918//918 887//887
f 887//887 918//918 888//888
f 918//918 919//919 888//888
f 888//888 919//919 889//889
f 919//919 920//920 889//889
f 889//889 920//920 890//890
f 920//920 921//921 890//890
f 890//890 921//921 891//891
f 921//921 922//922 891//891
f 891//891 922//922 892//892
f 922//922 923//923 892//892
f 892//892 923//923 893//893
f 923//923 924//924 893//893
f 893//893 924//924 894//894
f 924//924 925//925 894//894
f 894//894 925//925 895//895
f 925//925 926//926 895//895
f 895//895 926//926 896//896
f 926//926 927//927 896//896
f 896//896 927//927 897//897
f 927//927 928//928 897//897
f 897//897 928//928 898//898
f 928//928 929//929 898//898
f 898//898 929//929 899//899
f 929//929 930//930 899//899
f 900//900 931//931 901//901
f 931//931 932//932 901//901
f 901//901 932//932 902//902
f 932//932 933//933 902//902
f 902//902 933//933 903//903
f 933//933 934//934 903//903
f 903//903 934//934 904//904
f 934//934 935//935 904//904
f 904//904 935//935 905//905
f 935//935 936//936 905//905
f 905//905 936//936 906//906
f 936//936 937//937 906//906
f 906//906 937//937 907//907
f 937//937 938//938 907//907
f 907//907 938//938 908//908
f 938//938 939//939 908//908
f 908//908 939//939 909//909
f 939//939 940//940 909//909
f 909//909 940//940 910//910
f 940//940 941//941 910//910
f 910//910 941//941 911//911
f 941//941 942//942 911//911
f 911//911 942//942 912//912
f 942//942 943//943 912//912
f 912//912 943//943 913//913
f 943//943 944//944 913//913
f 913//913 944//944 914//914
f 944//944 945//945 914//914
f 914//914 945//945 915//915
f 945//945 946//946 915//915
f 915//915 946//946 916//916
f 946//946 947//947 916//916
f 916//916 947//947 917//917
f 947//947 948//948 917//917
f 917//917 948//948 918//918
f 948//948 949//949 918//918
f 918//918 949//949 919//919
f 949//949 950//950 919//919
f 919//919 950//950 920//920
f 950//950 951//951 920//920
f 920//920 951//951 921//921
f 951//951 952//952 921//921
f 921//921 952//952 922//922
f 952//952 953//953 922//922
f 922//922 953//953 923//923
f 953//953 954//954 923//923
f 923//923 954//954 924//924
f 954//954 955//955 924//924
f 924//924 955//955 925//925
f 955//955 956//956 925//925
f 925//925 956//956 926//926
f 956//956 957//957 926//926
f 926//926 957//957 927//927
f 957//957 958//958 927//927
f 927//927 958//958 928//928
f 958//958 959//959 928//928
f 928//928 959//959 929//929
f 959//959 960//960 929//929
f 929//929 960//960 930//930
f 960//960 961//961 930//930
